team_iso3,player_name,preferred_name,shirt_number,position_group,date_of_birth,is_goalkeeper,data_source_name,data_quality_score
ARG,Alexis Mac Allister,A. Mac Allister,20,CM-R,,false,ESPN public summary API,82
ARG,Cristian Romero,C. Romero,13,CD-R,,false,ESPN public summary API,82
ARG,Emiliano Martínez,E. Martínez,23,G,,false,ESPN public summary API,82
ARG,Enzo Fernández,E. Fernández,24,CM-L,,false,ESPN public summary API,82
ARG,Exequiel Palacios,E. Palacios,14,SUB,,false,ESPN public summary API,82
ARG,Facundo Medina,F. Medina,25,LB,,false,ESPN public summary API,82
ARG,Gerónimo Rulli,G. Rulli,12,SUB,,false,ESPN public summary API,82
ARG,Giovani Lo Celso,G. Lo Celso,11,SUB,,false,ESPN public summary API,82
ARG,Giuliano Simeone,G. Simeone,17,SUB,,false,ESPN public summary API,82
ARG,Gonzalo Montiel,G. Montiel,4,SUB,,false,ESPN public summary API,82
ARG,José Manuel López,J. López,21,SUB,,false,ESPN public summary API,82
ARG,Juan Musso,J. Musso,1,SUB,,false,ESPN public summary API,82
ARG,Julián Álvarez,J. Álvarez,9,SUB,,false,ESPN public summary API,82
ARG,Lautaro Martínez,L. Martínez,22,CF-L,,false,ESPN public summary API,82
ARG,Leandro Paredes,L. Paredes,5,SUB,,false,ESPN public summary API,82
ARG,Lionel Messi,L. Messi,10,CF-R,,false,ESPN public summary API,82
ARG,Lisandro Martínez,L. Martínez,6,CD-L,,false,ESPN public summary API,82
ARG,Marcos Senesi,M. Senesi,2,SUB,,false,ESPN public summary API,82
ARG,Nahuel Molina,N. Molina,26,RB,,false,ESPN public summary API,82
ARG,Nico González,N. González,15,SUB,,false,ESPN public summary API,82
ARG,Nico Paz,N. Paz,18,SUB,,false,ESPN public summary API,82
ARG,Nicolás Otamendi,N. Otamendi,19,SUB,,false,ESPN public summary API,82
ARG,Nicolás Tagliafico,N. Tagliafico,3,SUB,,false,ESPN public summary API,82
ARG,Rodrigo De Paul,R. De Paul,7,RM,,false,ESPN public summary API,82
ARG,Thiago Almada,T. Almada,16,LM,,false,ESPN public summary API,82
ARG,Valentín Barco,V. Barco,8,SUB,,false,ESPN public summary API,82
AUS,Aiden O'Neill,A. O'Neill,13,CM-L,,false,ESPN public summary API,82
AUS,Ajdin Hrustic,A. Hrustic,10,SUB,,false,ESPN public summary API,82
AUS,Alessandro Circati,A. Circati,3,CD-R,,false,ESPN public summary API,82
AUS,Awer Mabil,A. Mabil,11,SUB,,false,ESPN public summary API,82
AUS,Aziz Behich,A. Behich,16,LM,,false,ESPN public summary API,82
AUS,Cameron Burgess,C. Burgess,21,SUB,,false,ESPN public summary API,82
AUS,Cameron Devlin,C. Devlin,14,SUB,,false,ESPN public summary API,82
AUS,Connor Metcalfe,C. Metcalfe,8,CF-L,,false,ESPN public summary API,82
AUS,Cristian Volpato,C. Volpato,20,CF-R,,false,ESPN public summary API,82
AUS,Harry Souttar,H. Souttar,19,CD,,false,ESPN public summary API,82
AUS,Jackson Irvine,J. Irvine,22,CM-R,,false,ESPN public summary API,82
AUS,Jacob Italiano,J. Italiano,4,RB,,false,ESPN public summary API,82
AUS,Jason Geria,J. Geria,6,SUB,,false,ESPN public summary API,82
AUS,Jordan Bos,J. Bos,5,RM,,false,ESPN public summary API,82
AUS,Kai Trewin,K. Trewin,15,SUB,,false,ESPN public summary API,82
AUS,Lucas Herrington,L. Herrington,25,CD-L,,false,ESPN public summary API,82
AUS,Mathew Leckie,M. Leckie,7,RM,,false,ESPN public summary API,82
AUS,Mathew Ryan,M. Ryan,1,SUB,,false,ESPN public summary API,82
AUS,Milos Degenek,M. Degenek,2,SUB,,false,ESPN public summary API,82
AUS,Mohamed Toure,M. Toure,9,SUB,,false,ESPN public summary API,82
AUS,Nestory Irankunda,N. Irankunda,17,F,,false,ESPN public summary API,82
AUS,Nishan Velupillay,N. Velupillay,23,SUB,,false,ESPN public summary API,82
AUS,Patrick Beach,P. Beach,18,G,,false,ESPN public summary API,82
AUS,Paul Izzo,P. Izzo,12,SUB,,false,ESPN public summary API,82
AUS,Paul Okon-Engstler,P. Okon-Engstler,24,SUB,,false,ESPN public summary API,82
AUS,Tete Yengi,T. Yengi,26,SUB,,false,ESPN public summary API,82
AUT,Alessandro Schöpf,A. Schöpf,26,SUB,,false,ESPN public summary API,82
AUT,Alexander Prass,A. Prass,22,SUB,,false,ESPN public summary API,82
AUT,Alexander Schlager,A. Schlager,1,G,,false,ESPN public summary API,82
AUT,Carney Chukwuemeka,C. Chukwuemeka,17,SUB,,false,ESPN public summary API,82
AUT,David Affengruber,D. Affengruber,2,SUB,,false,ESPN public summary API,82
AUT,David Alaba,D. Alaba,8,CD-L,,false,ESPN public summary API,82
AUT,Dejan Ljubicic,D. Ljubicic,19,SUB,,false,ESPN public summary API,82
AUT,Florian Grillitsch,F. Grillitsch,10,SUB,,false,ESPN public summary API,82
AUT,Florian Wiegele,F. Wiegele,12,SUB,,false,ESPN public summary API,82
AUT,Kevin Danso,K. Danso,3,CD-R,,false,ESPN public summary API,82
AUT,Konrad Laimer,K. Laimer,20,LB,,false,ESPN public summary API,82
AUT,Marcel Sabitzer,M. Sabitzer,9,AM-L,,false,ESPN public summary API,82
AUT,Marco Friedl,M. Friedl,23,SUB,,false,ESPN public summary API,82
AUT,Marko Arnautovic,M. Arnautovic,7,SUB,,false,ESPN public summary API,82
AUT,Michael Gregoritsch,M. Gregoritsch,11,F,,false,ESPN public summary API,82
AUT,Michael Svoboda,M. Svoboda,25,SUB,,false,ESPN public summary API,82
AUT,Nicolas Seiwald,N. Seiwald,6,RM,,false,ESPN public summary API,82
AUT,Patrick Pentz,P. Pentz,13,SUB,,false,ESPN public summary API,82
AUT,Patrick Wimmer,P. Wimmer,21,SUB,,false,ESPN public summary API,82
AUT,Paul Wanner,P. Wanner,24,AM,,false,ESPN public summary API,82
AUT,Philipp Lienhart,P. Lienhart,15,SUB,,false,ESPN public summary API,82
AUT,Phillipp Mwene,P. Mwene,16,SUB,,false,ESPN public summary API,82
AUT,Romano Schmid,R. Schmid,18,AM-R,,false,ESPN public summary API,82
AUT,Sasa Kalajdzic,S. Kalajdzic,14,SUB,,false,ESPN public summary API,82
AUT,Stefan Posch,S. Posch,5,RB,,false,ESPN public summary API,82
AUT,Xaver Schlager,X. Schlager,4,LM,,false,ESPN public summary API,82
BEL,Alexis Saelemaekers,A. Saelemaekers,22,SUB,,false,ESPN public summary API,82
BEL,Amadou Onana,A. Onana,24,SUB,,false,ESPN public summary API,82
BEL,Arthur Theate,A. Theate,3,CD-L,,false,ESPN public summary API,82
BEL,Axel Witsel,A. Witsel,6,SUB,,false,ESPN public summary API,82
BEL,Brandon Mechele,B. Mechele,4,CD-R,,false,ESPN public summary API,82
BEL,Charles De Ketelaere,C. De Ketelaere,17,F,,false,ESPN public summary API,82
BEL,Diego Moreira,D. Moreira,19,SUB,,false,ESPN public summary API,82
BEL,Dodi Lukébakio,D. Lukébakio,14,SUB,,false,ESPN public summary API,82
BEL,Hans Vanaken,H. Vanaken,20,LM,,false,ESPN public summary API,82
BEL,Joaquin Seys,J. Seys,18,SUB,,false,ESPN public summary API,82
BEL,Jérémy Doku,J. Doku,11,AM-L,,false,ESPN public summary API,82
BEL,Kevin De Bruyne,K. De Bruyne,7,AM,,false,ESPN public summary API,82
BEL,Koni De Winter,K. De Winter,16,SUB,,false,ESPN public summary API,82
BEL,Leandro Trossard,L. Trossard,10,AM-R,,false,ESPN public summary API,82
BEL,Matias Fernandez-Pardo,M. Fernandez-Pardo,26,SUB,,false,ESPN public summary API,82
BEL,Maxim De Cuyper,M. De Cuyper,5,LB,,false,ESPN public summary API,82
BEL,Mike Penders,M. Penders,13,SUB,,false,ESPN public summary API,82
BEL,Nathan Ngoy,N. Ngoy,25,SUB,,false,ESPN public summary API,82
BEL,Nicolas Raskin,N. Raskin,23,SUB,,false,ESPN public summary API,82
BEL,Romelu Lukaku,R. Lukaku,9,SUB,,false,ESPN public summary API,82
BEL,Senne Lammens,S. Lammens,12,SUB,,false,ESPN public summary API,82
BEL,Thibaut Courtois,T. Courtois,1,G,,false,ESPN public summary API,82
BEL,Thomas Meunier,T. Meunier,15,SUB,,false,ESPN public summary API,82
BEL,Timothy Castagne,T. Castagne,21,RB,,false,ESPN public summary API,82
BEL,Youri Tielemans,Y. Tielemans,8,RM,,false,ESPN public summary API,82
BIH,Amar Dedic,A. Dedic,7,RB,,false,ESPN public summary API,82
BIH,Amar Memic,A. Memic,15,SUB,,false,ESPN public summary API,82
BIH,Amir Hadziahmetovic,A. Hadziahmetovic,16,SUB,,false,ESPN public summary API,82
BIH,Arjan Malic,A. Malic,24,SUB,,false,ESPN public summary API,82
BIH,Armin Gigovic,A. Gigovic,8,CM-R,,false,ESPN public summary API,82
BIH,Benjamin Tahirovic,B. Tahirovic,6,SUB,,false,ESPN public summary API,82
BIH,Dennis Hadzikadunic,D. Hadzikadunic,3,SUB,,false,ESPN public summary API,82
BIH,Dzenis Burnic,D. Burnic,17,SUB,,false,ESPN public summary API,82
BIH,Edin Dzeko,E. Dzeko,11,CF-R,,false,ESPN public summary API,82
BIH,Ermedin Demirovic,E. Demirovic,10,CF-L,,false,ESPN public summary API,82
BIH,Ermin Mahmic,E. Mahmic,26,SUB,,false,ESPN public summary API,82
BIH,Esmir Bajraktarevic,E. Bajraktarevic,20,SUB,,false,ESPN public summary API,82
BIH,Haris Tabakovic,H. Tabakovic,23,SUB,,false,ESPN public summary API,82
BIH,Ivan Basic,I. Basic,13,SUB,,false,ESPN public summary API,82
BIH,Ivan Sunjic,I. Sunjic,14,CM,,false,ESPN public summary API,82
BIH,Jovo Lukic,J. Lukic,25,SUB,,false,ESPN public summary API,82
BIH,Kerim Alajbegovic,K. Alajbegovic,19,CM-L,,false,ESPN public summary API,82
BIH,Martin Zlomislic,M. Zlomislic,22,SUB,,false,ESPN public summary API,82
BIH,Mladen Jurkas,M. Jurkas,12,SUB,,false,ESPN public summary API,82
BIH,Nihad Mujakic,N. Mujakic,2,SUB,,false,ESPN public summary API,82
BIH,Nikola Katic,N. Katic,18,CD-R,,false,ESPN public summary API,82
BIH,Nikola Vasilj,N. Vasilj,1,G,,false,ESPN public summary API,82
BIH,Samed Bazdar,S. Bazdar,9,SUB,,false,ESPN public summary API,82
BIH,Sead Kolasinac,S. Kolasinac,5,LB,,false,ESPN public summary API,82
BIH,Stjepan Radeljic,S. Radeljic,21,CD-L,,false,ESPN public summary API,82
BIH,Tarik Muharemovic,T. Muharemovic,4,CD,,false,ESPN public summary API,82
BRA,Alex Sandro,Alex Sandro,6,SUB,,false,ESPN public summary API,82
BRA,Alisson Becker,A. Becker,1,G,,false,ESPN public summary API,82
BRA,Bremer,Bremer,14,SUB,,false,ESPN public summary API,82
BRA,Bruno Guimarães,B. Guimarães,8,RM,,false,ESPN public summary API,82
BRA,Casemiro,Casemiro,5,CM,,false,ESPN public summary API,82
BRA,Danilo,Danilo,13,RB,,false,ESPN public summary API,82
BRA,Danilo Santos,D. Santos,18,SUB,,false,ESPN public summary API,82
BRA,Douglas Santos,D. Santos,16,LB,,false,ESPN public summary API,82
BRA,Ederson,Ederson,23,SUB,,false,ESPN public summary API,82
BRA,Endrick,Endrick,19,SUB,,false,ESPN public summary API,82
BRA,Fabinho,Fabinho,17,SUB,,false,ESPN public summary API,82
BRA,Gabriel Magalhães,G. Magalhães,3,CD-L,,false,ESPN public summary API,82
BRA,Gabriel Martinelli,G. Martinelli,22,SUB,,false,ESPN public summary API,82
BRA,Igor Thiago,I. Thiago,25,SUB,,false,ESPN public summary API,82
BRA,Lucas Paquetá,L. Paquetá,20,LM,,false,ESPN public summary API,82
BRA,Luiz Henrique,L. Henrique,21,SUB,,false,ESPN public summary API,82
BRA,Léo Pereira,L. Pereira,15,SUB,,false,ESPN public summary API,82
BRA,Marquinhos,Marquinhos,4,CD-R,,false,ESPN public summary API,82
BRA,Matheus Cunha,M. Cunha,9,F,,false,ESPN public summary API,82
BRA,Neymar,Neymar,10,SUB,,false,ESPN public summary API,82
BRA,Raphinha,Raphinha,11,RF,,false,ESPN public summary API,82
BRA,Rayan,Rayan,26,RF,,false,ESPN public summary API,82
BRA,Roger Ibañez,R. Ibañez,24,SUB,,false,ESPN public summary API,82
BRA,Vinícius Júnior,Vinícius Júnior,7,LF,,false,ESPN public summary API,82
BRA,Weverton,Weverton,12,SUB,,false,ESPN public summary API,82
BRA,Éderson,Éderson,2,SUB,,false,ESPN public summary API,82
CAN,Alfie Jones,A. Jones,3,SUB,,false,ESPN public summary API,82
CAN,Ali Ahmed,A. Ahmed,20,SUB,,false,ESPN public summary API,82
CAN,Alistair Johnston,A. Johnston,2,RB,,false,ESPN public summary API,82
CAN,Alphonso Davies,A. Davies,19,SUB,,false,ESPN public summary API,82
CAN,Cyle Larin,C. Larin,9,SUB,,false,ESPN public summary API,82
CAN,Dayne St. Clair,D. St. Clair,1,SUB,,false,ESPN public summary API,82
CAN,Derek Cornelius,D. Cornelius,13,CD-L,,false,ESPN public summary API,82
CAN,Ismaël Koné,I. Koné,8,CM-R,,false,ESPN public summary API,82
CAN,Jacob Shaffelburg,J. Shaffelburg,14,SUB,,false,ESPN public summary API,82
CAN,Jayden Nelson,J. Nelson,26,SUB,,false,ESPN public summary API,82
CAN,Joel Waterman,J. Waterman,5,SUB,,false,ESPN public summary API,82
CAN,Jonathan David,J. David,10,CF-R,,false,ESPN public summary API,82
CAN,Jonathan Osorio,J. Osorio,21,SUB,,false,ESPN public summary API,82
CAN,Liam Millar,L. Millar,11,LM,,false,ESPN public summary API,82
CAN,Luc de Fougerolles,L. de Fougerolles,4,SUB,,false,ESPN public summary API,82
CAN,Mathieu Choinière,M. Choinière,6,SUB,,false,ESPN public summary API,82
CAN,Maxime Crépeau,M. Crépeau,16,G,,false,ESPN public summary API,82
CAN,Moïse Bombito,M. Bombito,15,CD-R,,false,ESPN public summary API,82
CAN,Nathan Saliba,N. Saliba,25,CM-R,,false,ESPN public summary API,82
CAN,Niko Sigur,N. Sigur,23,SUB,,false,ESPN public summary API,82
CAN,Owen Goodman,O. Goodman,18,SUB,,false,ESPN public summary API,82
CAN,Promise David,P. David,24,SUB,,false,ESPN public summary API,82
CAN,Richie Laryea,R. Laryea,22,LB,,false,ESPN public summary API,82
CAN,Stephen Eustáquio,S. Eustáquio,7,CM-L,,false,ESPN public summary API,82
CAN,Tajon Buchanan,T. Buchanan,17,RM,,false,ESPN public summary API,82
CAN,Tani Oluwaseyi,T. Oluwaseyi,12,CF-L,,false,ESPN public summary API,82
CHE,Ardon Jashari,A. Jashari,14,SUB,,false,ESPN public summary API,82
CHE,Aurèle Amenda,A. Amenda,24,SUB,,false,ESPN public summary API,82
CHE,Breel Embolo,B. Embolo,7,F,,false,ESPN public summary API,82
CHE,Cedric Itten,C. Itten,26,SUB,,false,ESPN public summary API,82
CHE,Christian Fassnacht,C. Fassnacht,16,SUB,,false,ESPN public summary API,82
CHE,Dan Ndoye,D. Ndoye,11,AM-R,,false,ESPN public summary API,82
CHE,Denis Zakaria,D. Zakaria,6,RB,,false,ESPN public summary API,82
CHE,Djibril Sow,D. Sow,15,SUB,,false,ESPN public summary API,82
CHE,Eray Cömert,E. Cömert,18,SUB,,false,ESPN public summary API,82
CHE,Fabian Rieder,F. Rieder,22,SUB,,false,ESPN public summary API,82
CHE,Granit Xhaka,G. Xhaka,10,LM,,false,ESPN public summary API,82
CHE,Gregor Kobel,G. Kobel,1,G,,false,ESPN public summary API,82
CHE,Johan Manzambi,J. Manzambi,9,AM,,false,ESPN public summary API,82
CHE,Luca Jaquez,L. Jaquez,25,RB,,false,ESPN public summary API,82
CHE,Manuel Akanji,M. Akanji,5,CD-L,,false,ESPN public summary API,82
CHE,Marvin Keller,M. Keller,21,SUB,,false,ESPN public summary API,82
CHE,Michel Aebischer,M. Aebischer,20,SUB,,false,ESPN public summary API,82
CHE,Miro Muheim,M. Muheim,2,SUB,,false,ESPN public summary API,82
CHE,Nico Elvedi,N. Elvedi,4,CD-R,,false,ESPN public summary API,82
CHE,Noah Okafor,N. Okafor,19,SUB,,false,ESPN public summary API,82
CHE,Remo Freuler,R. Freuler,8,RM,,false,ESPN public summary API,82
CHE,Ricardo Rodríguez,R. Rodríguez,13,LB,,false,ESPN public summary API,82
CHE,Rubén Vargas,R. Vargas,17,AM-L,,false,ESPN public summary API,82
CHE,Silvan Widmer,S. Widmer,3,SUB,,false,ESPN public summary API,82
CHE,Yvon Mvogo,Y. Mvogo,12,SUB,,false,ESPN public summary API,82
CHE,Zeki Amdouni,Z. Amdouni,23,SUB,,false,ESPN public summary API,82
CIV,Alban Lafont,A. Lafont,23,SUB,,false,ESPN public summary API,82
CIV,Amad Diallo,A. Diallo,15,SUB,,false,ESPN public summary API,82
CIV,Ange-Yoan Bonny,A. Bonny,9,F,,false,ESPN public summary API,82
CIV,Bazoumana Touré,B. Touré,24,SUB,,false,ESPN public summary API,82
CIV,Christ Inao Oulaï,C. Inao Oulaï,26,CM-L,,false,ESPN public summary API,82
CIV,Christopher Operi,C. Operi,13,SUB,,false,ESPN public summary API,82
CIV,Elye Wahi,E. Wahi,12,SUB,,false,ESPN public summary API,82
CIV,Emmanuel Agbadou,E. Agbadou,20,CD-L,,false,ESPN public summary API,82
CIV,Evan Ndicka,E. Ndicka,21,SUB,,false,ESPN public summary API,82
CIV,Evann Guessand,E. Guessand,22,SUB,,false,ESPN public summary API,82
CIV,Franck Kessié,F. Kessié,8,CM-R,,false,ESPN public summary API,82
CIV,Ghislain Konan,G. Konan,3,LB,,false,ESPN public summary API,82
CIV,Guela Doué,G. Doué,17,RB,,false,ESPN public summary API,82
CIV,Ibrahim Sangaré,I. Sangaré,18,DM,,false,ESPN public summary API,82
CIV,Jean Michaël Seri,J. Seri,4,SUB,,false,ESPN public summary API,82
CIV,Mohamed Koné,M. Koné,16,SUB,,false,ESPN public summary API,82
CIV,Nicolas Pépé,N. Pépé,19,RM,,false,ESPN public summary API,82
CIV,Odilon Kossounou,O. Kossounou,7,CD-R,,false,ESPN public summary API,82
CIV,Oumar Diakité,O. Diakité,14,SUB,,false,ESPN public summary API,82
CIV,Ousmane Diomande,O. Diomande,2,SUB,,false,ESPN public summary API,82
CIV,Parfait Guiagon,P. Guiagon,25,SUB,,false,ESPN public summary API,82
CIV,Seko Fofana,S. Fofana,6,SUB,,false,ESPN public summary API,82
CIV,Simon Adingra,S. Adingra,10,SUB,,false,ESPN public summary API,82
CIV,Wilfried Singo,W. Singo,5,SUB,,false,ESPN public summary API,82
CIV,Yahia Fofana,Y. Fofana,1,G,,false,ESPN public summary API,82
CIV,Yan Diomande,Y. Diomande,11,LM,,false,ESPN public summary API,82
COD,Aaron Tshibola,A. Tshibola,15,SUB,,false,ESPN public summary API,82
COD,Aaron Wan-Bissaka,A. Wan-Bissaka,2,RB,,false,ESPN public summary API,82
COD,Arthur Masuaku,A. Masuaku,26,LB,,false,ESPN public summary API,82
COD,Axel Tuanzebe,A. Tuanzebe,4,CD-L,,false,ESPN public summary API,82
COD,Brian Cipenga,B. Cipenga,9,LF,,false,ESPN public summary API,82
COD,Chancel Mbemba,C. Mbemba,22,CD-R,,false,ESPN public summary API,82
COD,Charles Pickel,C. Pickel,18,SUB,,false,ESPN public summary API,82
COD,Cédric Bakambu,C. Bakambu,17,SUB,,false,ESPN public summary API,82
COD,Dylan Batubinsika,D. Batubinsika,5,SUB,,false,ESPN public summary API,82
COD,Edo Kayembe,E. Kayembe,25,SUB,,false,ESPN public summary API,82
COD,Fiston Mayele,F. Mayele,19,SUB,,false,ESPN public summary API,82
COD,Gaël Kakuta,G. Kakuta,11,SUB,,false,ESPN public summary API,82
COD,Gédéon Kalulu,G. Kalulu,24,SUB,,false,ESPN public summary API,82
COD,Joris Kayembe,J. Kayembe,12,SUB,,false,ESPN public summary API,82
COD,Lionel Mpasi,L. Mpasi,1,G,,false,ESPN public summary API,82
COD,Matthieu Epolo,M. Epolo,21,SUB,,false,ESPN public summary API,82
COD,Meschack Elia,M. Elia,13,SUB,,false,ESPN public summary API,82
COD,Nathanaël Mbuku,N. Mbuku,7,RF,,false,ESPN public summary API,82
COD,Ngal'ayel Mukau,N. Mukau,6,RM,,false,ESPN public summary API,82
COD,Noah Sadiki,N. Sadiki,14,LM,,false,ESPN public summary API,82
COD,Samuel Moutoussamy,S. Moutoussamy,8,CM,,false,ESPN public summary API,82
COD,Simon Banza,S. Banza,23,SUB,,false,ESPN public summary API,82
COD,Steve Kapuadi,S. Kapuadi,3,SUB,,false,ESPN public summary API,82
COD,Théo Bongonda,T. Bongonda,10,SUB,,false,ESPN public summary API,82
COD,Timothy Fayulu,T. Fayulu,16,SUB,,false,ESPN public summary API,82
COD,Yoane Wissa,Y. Wissa,20,F,,false,ESPN public summary API,82
COL,Andrés Gómez,A. Gómez,26,SUB,,false,ESPN public summary API,82
COL,Camilo Vargas,C. Vargas,12,G,,false,ESPN public summary API,82
COL,Cucho Hernández,C. Hernández,19,SUB,,false,ESPN public summary API,82
COL,Daniel Muñoz,D. Muñoz,2,RB,,false,ESPN public summary API,82
COL,David Ospina,D. Ospina,1,SUB,,false,ESPN public summary API,82
COL,Davinson Sánchez,D. Sánchez,23,CD-R,,false,ESPN public summary API,82
COL,Deiver Machado,D. Machado,22,SUB,,false,ESPN public summary API,82
COL,Gustavo Puerta,G. Puerta,14,RM,,false,ESPN public summary API,82
COL,James Rodríguez,J. Rodríguez,10,RF,,false,ESPN public summary API,82
COL,Jefferson Lerma,J. Lerma,16,CM,,false,ESPN public summary API,82
COL,Jhon Arias,J. Arias,11,LM,,false,ESPN public summary API,82
COL,Jhon Córdoba,J. Córdoba,9,SUB,,false,ESPN public summary API,82
COL,Jhon Lucumí,J. Lucumí,3,CD-L,,false,ESPN public summary API,82
COL,Johan Mojica,J. Mojica,17,LB,,false,ESPN public summary API,82
COL,Jorge Carrascal,J. Carrascal,8,SUB,,false,ESPN public summary API,82
COL,Juan Fernando Quintero,J. Quintero,20,SUB,,false,ESPN public summary API,82
COL,Juan Portilla,J. Portilla,15,SUB,,false,ESPN public summary API,82
COL,Jáminton Campaz,J. Campaz,21,SUB,,false,ESPN public summary API,82
COL,Kevin Castaño,K. Castaño,5,SUB,,false,ESPN public summary API,82
COL,Luis Díaz,L. Díaz,7,LF,,false,ESPN public summary API,82
COL,Luis Suárez,L. Suárez,25,F,,false,ESPN public summary API,82
COL,Richard Ríos,R. Ríos,6,SUB,,false,ESPN public summary API,82
COL,Santiago Arias,S. Arias,4,SUB,,false,ESPN public summary API,82
COL,Willer Ditta,W. Ditta,18,SUB,,false,ESPN public summary API,82
COL,Yerry Mina,Y. Mina,13,SUB,,false,ESPN public summary API,82
COL,Álvaro Montero,Á. Montero,24,SUB,,false,ESPN public summary API,82
CPV,CJ dos Santos,C. dos Santos,23,SUB,,false,ESPN public summary API,82
CPV,Dailon Livramento,D. Livramento,19,SUB,,false,ESPN public summary API,82
CPV,Deroy Duarte,D. Duarte,14,CM-L,,false,ESPN public summary API,82
CPV,Diney Borges,D. Borges,3,CD-L,,false,ESPN public summary API,82
CPV,Garry Rodrigues,G. Rodrigues,11,SUB,,false,ESPN public summary API,82
CPV,Gilson Benchimol,G. Benchimol,9,SUB,,false,ESPN public summary API,82
CPV,Hélio Varela,H. Varela,26,SUB,,false,ESPN public summary API,82
CPV,Jamiro Monteiro,J. Monteiro,10,SUB,,false,ESPN public summary API,82
CPV,Jovane Cabral,J. Cabral,7,LM,,false,ESPN public summary API,82
CPV,João Paulo,J. Paulo,8,SUB,,false,ESPN public summary API,82
CPV,Kelvin Pires,K. Pires,25,SUB,,false,ESPN public summary API,82
CPV,Kevin Pina,K. Pina,6,DM,,false,ESPN public summary API,82
CPV,Laros Duarte,L. Duarte,15,CM-R,,false,ESPN public summary API,82
CPV,Logan Costa,L. Costa,5,SUB,,false,ESPN public summary API,82
CPV,Márcio Rosa,M. Rosa,12,SUB,,false,ESPN public summary API,82
CPV,Nuno da Costa,N. da Costa,21,F,,false,ESPN public summary API,82
CPV,Pico Lopes,P. Lopes,4,CD-R,,false,ESPN public summary API,82
CPV,Ryan Mendes,R. Mendes,20,RM,,false,ESPN public summary API,82
CPV,Sidny Lopes Cabral,S. Lopes Cabral,13,LB,,false,ESPN public summary API,82
CPV,Steven Moreira,S. Moreira,22,RB,,false,ESPN public summary API,82
CPV,Stopira,Stopira,2,SUB,,false,ESPN public summary API,82
CPV,Telmo Arcanjo,T. Arcanjo,18,SUB,,false,ESPN public summary API,82
CPV,Vozinha,Vozinha,1,G,,false,ESPN public summary API,82
CPV,Wagner Pina,W. Pina,24,SUB,,false,ESPN public summary API,82
CPV,Willy Semedo,W. Semedo,17,SUB,,false,ESPN public summary API,82
CPV,Yannick Semedo,Y. Semedo,16,SUB,,false,ESPN public summary API,82
CZE,Adam Hlozek,A. Hlozek,9,F,,false,ESPN public summary API,82
CZE,Alexandr Sojka,A. Sojka,24,SUB,,false,ESPN public summary API,82
CZE,David Doudera,D. Doudera,21,LM,,false,ESPN public summary API,82
CZE,David Jurásek,D. Jurásek,14,SUB,,false,ESPN public summary API,82
CZE,David Zima,D. Zima,2,SUB,,false,ESPN public summary API,82
CZE,Denis Visinský,D. Visinský,26,CF-L,,false,ESPN public summary API,82
CZE,Hugo Sochurek,H. Sochurek,25,SUB,,false,ESPN public summary API,82
CZE,Jan Kuchta,J. Kuchta,11,SUB,,false,ESPN public summary API,82
CZE,Jaroslav Zelený,J. Zelený,20,SUB,,false,ESPN public summary API,82
CZE,Jindrich Stanek,J. Stanek,16,SUB,,false,ESPN public summary API,82
CZE,Ladislav Krejcí,L. Krejcí,7,CD-L,,false,ESPN public summary API,82
CZE,Lukás Cerv,L. Cerv,12,CM-R,,false,ESPN public summary API,82
CZE,Lukás Hornícek,L. Hornícek,23,SUB,,false,ESPN public summary API,82
CZE,Lukás Provod,L. Provod,17,SUB,,false,ESPN public summary API,82
CZE,Matej Kovár,M. Kovár,1,G,,false,ESPN public summary API,82
CZE,Michal Sadílek,M. Sadílek,18,CM-L,,false,ESPN public summary API,82
CZE,Mojmír Chytil,M. Chytil,13,SUB,,false,ESPN public summary API,82
CZE,Patrik Schick,P. Schick,10,SUB,,false,ESPN public summary API,82
CZE,Pavel Sulc,P. Sulc,15,CF-R,,false,ESPN public summary API,82
CZE,Robin Hranác,R. Hranác,4,CD,,false,ESPN public summary API,82
CZE,Stepán Chaloupek,S. Chaloupek,6,SUB,,false,ESPN public summary API,82
CZE,Tomás Chorý,T. Chorý,19,SUB,,false,ESPN public summary API,82
CZE,Tomás Holes,T. Holes,3,CD-R,,false,ESPN public summary API,82
CZE,Tomás Soucek,T. Soucek,22,SUB,,false,ESPN public summary API,82
CZE,Vladimír Coufal,V. Coufal,5,RM,,false,ESPN public summary API,82
CZE,Vladimír Darida,V. Darida,8,SUB,,false,ESPN public summary API,82
DZA,Achraf Abada,A. Abada,3,SUB,,false,ESPN public summary API,82
DZA,Adil Boulbina,A. Boulbina,20,SUB,,false,ESPN public summary API,82
DZA,Amine Gouiri,A. Gouiri,9,SUB,,false,ESPN public summary API,82
DZA,Anis Hadj Moussa,A. Hadj Moussa,11,SUB,,false,ESPN public summary API,82
DZA,Aïssa Mandi,A. Mandi,2,CD-R,,false,ESPN public summary API,82
DZA,Farès Chaïbi,F. Chaïbi,10,LM,,false,ESPN public summary API,82
DZA,Farès Ghedjemis,F. Ghedjemis,25,SUB,,false,ESPN public summary API,82
DZA,Hicham Boudaoui,H. Boudaoui,14,SUB,,false,ESPN public summary API,82
DZA,Houssem Aouar,H. Aouar,8,LF,,false,ESPN public summary API,82
DZA,Ibrahim Maza,I. Maza,22,F,,false,ESPN public summary API,82
DZA,Jaouen Hadjam,J. Hadjam,13,SUB,,false,ESPN public summary API,82
DZA,Luca Zidane,L. Zidane,23,G,,false,ESPN public summary API,82
DZA,Melvin Mastil,M. Mastil,1,SUB,,false,ESPN public summary API,82
DZA,Mohamed Amine Tougai,M. Tougai,4,SUB,,false,ESPN public summary API,82
DZA,Mohamed Amoura,M. Amoura,18,SUB,,false,ESPN public summary API,82
DZA,Nabil Bentaleb,N. Bentaleb,19,CM,,false,ESPN public summary API,82
DZA,Nadhir Benbouali,N. Benbouali,12,SUB,,false,ESPN public summary API,82
DZA,Oussama Benbot,O. Benbot,16,SUB,,false,ESPN public summary API,82
DZA,Rafik Belghali,R. Belghali,17,RB,,false,ESPN public summary API,82
DZA,Ramiz Zerrouki,R. Zerrouki,6,RM,,false,ESPN public summary API,82
DZA,Ramy Bensebaini,R. Bensebaini,21,CD-L,,false,ESPN public summary API,82
DZA,Rayan Aït-Nouri,R. Aït-Nouri,15,LB,,false,ESPN public summary API,82
DZA,Riyad Mahrez,R. Mahrez,7,RF,,false,ESPN public summary API,82
DZA,Samir Chergui,S. Chergui,26,SUB,,false,ESPN public summary API,82
DZA,Yassine Titraoui,Y. Titraoui,24,SUB,,false,ESPN public summary API,82
DZA,Zineddine Belaïd,Z. Belaïd,5,SUB,,false,ESPN public summary API,82
ECU,Alan Franco,A. Franco,21,RB,,false,ESPN public summary API,82
ECU,Alan Minda,A. Minda,14,SUB,,false,ESPN public summary API,82
ECU,Anthony Valencia,A. Valencia,8,SUB,,false,ESPN public summary API,82
ECU,Denil Castillo,D. Castillo,18,SUB,,false,ESPN public summary API,82
ECU,Enner Valencia,E. Valencia,13,CF-L,,false,ESPN public summary API,82
ECU,Félix Torres,F. Torres,2,SUB,,false,ESPN public summary API,82
ECU,Gonzalo Plata,G. Plata,19,CF-R,,false,ESPN public summary API,82
ECU,Gonzalo Valle,G. Valle,22,SUB,,false,ESPN public summary API,82
ECU,Hernán Galíndez,H. Galíndez,1,G,,false,ESPN public summary API,82
ECU,Jackson Porozo,J. Porozo,25,SUB,,false,ESPN public summary API,82
ECU,Jeremy Arévalo,J. Arévalo,24,SUB,,false,ESPN public summary API,82
ECU,Joel Ordóñez,J. Ordóñez,4,CD-R,,false,ESPN public summary API,82
ECU,John Yeboah,J. Yeboah,9,RM,,false,ESPN public summary API,82
ECU,Jordy Alcívar,J. Alcívar,5,SUB,,false,ESPN public summary API,82
ECU,Jordy Caicedo,J. Caicedo,16,SUB,,false,ESPN public summary API,82
ECU,Kendry Páez,K. Páez,10,SUB,,false,ESPN public summary API,82
ECU,Kevin Rodríguez,K. Rodríguez,11,SUB,,false,ESPN public summary API,82
ECU,Moisés Caicedo,M. Caicedo,23,CM-R,,false,ESPN public summary API,82
ECU,Moisés Ramírez,M. Ramírez,12,SUB,,false,ESPN public summary API,82
ECU,Nilson Angulo,N. Angulo,20,LM,,false,ESPN public summary API,82
ECU,Pedro Vite,P. Vite,15,CM-L,,false,ESPN public summary API,82
ECU,Pervis Estupiñán,P. Estupiñán,7,SUB,,false,ESPN public summary API,82
ECU,Piero Hincapié,P. Hincapié,3,LB,,false,ESPN public summary API,82
ECU,Willian Pacho,W. Pacho,6,CD-L,,false,ESPN public summary API,82
ECU,Yaimar Medina,Y. Medina,26,SUB,,false,ESPN public summary API,82
ECU,Ángelo Preciado,Á. Preciado,17,SUB,,false,ESPN public summary API,82
EGY,Ahmed Fatouh,A. Fatouh,13,LB,,false,ESPN public summary API,82
EGY,Emam Ashour,E. Ashour,8,RM,,false,ESPN public summary API,82
EGY,Haissem Hassan,H. Hassan,12,SUB,,false,ESPN public summary API,82
EGY,Hamdy Fathy,H. Fathy,14,CM-R,,false,ESPN public summary API,82
EGY,Hamza Abdelkarim,H. Abdelkarim,9,SUB,,false,ESPN public summary API,82
EGY,Hossam Abdelmaguid,H. Abdelmaguid,4,SUB,,false,ESPN public summary API,82
EGY,Ibrahim Adel,I. Adel,20,SUB,,false,ESPN public summary API,82
EGY,Karim Hafez,K. Hafez,15,LB,,false,ESPN public summary API,82
EGY,Mahdy Soliman,M. Soliman,16,SUB,,false,ESPN public summary API,82
EGY,Mahmoud Saber,M. Saber,21,SUB,,false,ESPN public summary API,82
EGY,Marawan Attia,M. Attia,19,CM-L,,false,ESPN public summary API,82
EGY,Mohamed Abdelmoneim,M. Abdelmoneim,6,CD-L,,false,ESPN public summary API,82
EGY,Mohamed Alaa,M. Alaa,26,SUB,,false,ESPN public summary API,82
EGY,Mohamed El Shenawy,M. El Shenawy,1,SUB,,false,ESPN public summary API,82
EGY,Mohamed Hany,M. Hany,3,RB,,false,ESPN public summary API,82
EGY,Mohamed Salah,M. Salah,10,CF-R,,false,ESPN public summary API,82
EGY,Mohanad Lashin,M. Lashin,17,RM,,false,ESPN public summary API,82
EGY,Mostafa Shoubir,M. Shoubir,23,G,,false,ESPN public summary API,82
EGY,Mostafa Zico,M. Zico,11,CF-L,,false,ESPN public summary API,82
EGY,Nabil Donga,N. Donga,18,SUB,,false,ESPN public summary API,82
EGY,Omar Marmoush,O. Marmoush,22,LM,,false,ESPN public summary API,82
EGY,Ramy Rabia,R. Rabia,5,CD-L,,false,ESPN public summary API,82
EGY,Tarek Alaa,T. Alaa,24,SUB,,false,ESPN public summary API,82
EGY,Trézéguet,Trézéguet,7,SUB,,false,ESPN public summary API,82
EGY,Yasser Ibrahim,Y. Ibrahim,2,CD-R,,false,ESPN public summary API,82
EGY,Zizo,Zizo,25,SUB,,false,ESPN public summary API,82
ENG,Anthony Gordon,A. Gordon,18,SUB,,false,ESPN public summary API,82
ENG,Bukayo Saka,B. Saka,7,SUB,,false,ESPN public summary API,82
ENG,Dan Burn,D. Burn,15,SUB,,false,ESPN public summary API,82
ENG,Dean Henderson,D. Henderson,13,SUB,,false,ESPN public summary API,82
ENG,Declan Rice,D. Rice,4,LM,,false,ESPN public summary API,82
ENG,Djed Spence,D. Spence,25,RB,,false,ESPN public summary API,82
ENG,Eberechi Eze,E. Eze,21,SUB,,false,ESPN public summary API,82
ENG,Elliot Anderson,E. Anderson,8,RM,,false,ESPN public summary API,82
ENG,Ezri Konsa,E. Konsa,2,CD-R,,false,ESPN public summary API,82
ENG,Harry Kane,H. Kane,9,F,,false,ESPN public summary API,82
ENG,Ivan Toney,I. Toney,22,SUB,,false,ESPN public summary API,82
ENG,James Trafford,J. Trafford,23,SUB,,false,ESPN public summary API,82
ENG,Jarell Quansah,J. Quansah,26,SUB,,false,ESPN public summary API,82
ENG,John Stones,J. Stones,5,SUB,,false,ESPN public summary API,82
ENG,Jordan Henderson,J. Henderson,14,SUB,,false,ESPN public summary API,82
ENG,Jordan Pickford,J. Pickford,1,G,,false,ESPN public summary API,82
ENG,Jude Bellingham,J. Bellingham,10,AM,,false,ESPN public summary API,82
ENG,Kobbie Mainoo,K. Mainoo,16,SUB,,false,ESPN public summary API,82
ENG,Marc Guéhi,M. Guéhi,6,CD-L,,false,ESPN public summary API,82
ENG,Marcus Rashford,M. Rashford,11,AM-L,,false,ESPN public summary API,82
ENG,Morgan Rogers,M. Rogers,17,SUB,,false,ESPN public summary API,82
ENG,Nico O'Reilly,N. O'Reilly,3,LB,,false,ESPN public summary API,82
ENG,Noni Madueke,N. Madueke,20,AM-R,,false,ESPN public summary API,82
ENG,Ollie Watkins,O. Watkins,19,SUB,,false,ESPN public summary API,82
ENG,Reece James,R. James,24,SUB,,false,ESPN public summary API,82
ENG,Trevoh Chalobah,T. Chalobah,12,SUB,,false,ESPN public summary API,82
ESP,Alejandro Grimaldo,A. Grimaldo,3,SUB,,false,ESPN public summary API,82
ESP,Aymeric Laporte,A. Laporte,14,CD-L,,false,ESPN public summary API,82
ESP,Borja Iglesias,B. Iglesias,26,SUB,,false,ESPN public summary API,82
ESP,Dani Olmo,D. Olmo,10,AM,,false,ESPN public summary API,82
ESP,David Raya,D. Raya,1,SUB,,false,ESPN public summary API,82
ESP,Eric García,E. García,4,SUB,,false,ESPN public summary API,82
ESP,Fabián Ruiz,F. Ruiz,8,SUB,,false,ESPN public summary API,82
ESP,Ferran Torres,F. Torres,7,SUB,,false,ESPN public summary API,82
ESP,Gavi,Gavi,9,SUB,,false,ESPN public summary API,82
ESP,Joan García,J. García,13,SUB,,false,ESPN public summary API,82
ESP,Lamine Yamal,L. Yamal,19,AM-R,,false,ESPN public summary API,82
ESP,Marc Cucurella,M. Cucurella,24,LB,,false,ESPN public summary API,82
ESP,Marc Pubill,M. Pubill,2,SUB,,false,ESPN public summary API,82
ESP,Marcos Llorente,M. Llorente,5,SUB,,false,ESPN public summary API,82
ESP,Martín Zubimendi,M. Zubimendi,18,SUB,,false,ESPN public summary API,82
ESP,Mikel Merino,M. Merino,6,SUB,,false,ESPN public summary API,82
ESP,Mikel Oyarzabal,M. Oyarzabal,21,F,,false,ESPN public summary API,82
ESP,Nico Williams,N. Williams,17,SUB,,false,ESPN public summary API,82
ESP,Pau Cubarsí,P. Cubarsí,22,CD-R,,false,ESPN public summary API,82
ESP,Pedri,Pedri,20,LM,,false,ESPN public summary API,82
ESP,Pedro Porro,P. Porro,12,RB,,false,ESPN public summary API,82
ESP,Rodri,Rodri,16,RM,,false,ESPN public summary API,82
ESP,Unai Simón,U. Simón,23,G,,false,ESPN public summary API,82
ESP,Víctor Muñoz,V. Muñoz,25,SUB,,false,ESPN public summary API,82
ESP,Yéremy Pino,Y. Pino,11,SUB,,false,ESPN public summary API,82
ESP,Álex Baena,Á. Baena,15,AM-L,,false,ESPN public summary API,82
FRA,Adrien Rabiot,A. Rabiot,14,LM,,false,ESPN public summary API,82
FRA,Aurélien Tchouaméni,A. Tchouaméni,8,RM,,false,ESPN public summary API,82
FRA,Bradley Barcola,B. Barcola,12,AM-L,,false,ESPN public summary API,82
FRA,Brice Samba,B. Samba,1,SUB,,false,ESPN public summary API,82
FRA,Dayot Upamecano,D. Upamecano,4,CD-R,,false,ESPN public summary API,82
FRA,Désiré Doué,D. Doué,20,SUB,,false,ESPN public summary API,82
FRA,Ibrahima Konaté,I. Konaté,15,SUB,,false,ESPN public summary API,82
FRA,Jean-Philippe Mateta,J. Mateta,22,SUB,,false,ESPN public summary API,82
FRA,Jules Koundé,J. Koundé,5,RB,,false,ESPN public summary API,82
FRA,Kylian Mbappé,K. Mbappé,10,F,,false,ESPN public summary API,82
FRA,Lucas Digne,L. Digne,3,LB,,false,ESPN public summary API,82
FRA,Lucas Hernández,L. Hernández,21,SUB,,false,ESPN public summary API,82
FRA,Maghnes Akliouche,M. Akliouche,25,SUB,,false,ESPN public summary API,82
FRA,Malo Gusto,M. Gusto,2,SUB,,false,ESPN public summary API,82
FRA,Manu Koné,M. Koné,6,SUB,,false,ESPN public summary API,82
FRA,Marcus Thuram,M. Thuram,9,SUB,,false,ESPN public summary API,82
FRA,Maxence Lacroix,M. Lacroix,26,SUB,,false,ESPN public summary API,82
FRA,Michael Olise,M. Olise,11,AM,,false,ESPN public summary API,82
FRA,Mike Maignan,M. Maignan,16,G,,false,ESPN public summary API,82
FRA,N'Golo Kanté,N. Kanté,13,SUB,,false,ESPN public summary API,82
FRA,Ousmane Dembélé,O. Dembélé,7,AM-R,,false,ESPN public summary API,82
FRA,Rayan Cherki,R. Cherki,24,SUB,,false,ESPN public summary API,82
FRA,Robin Risser,R. Risser,23,SUB,,false,ESPN public summary API,82
FRA,Theo Hernández,T. Hernández,19,SUB,,false,ESPN public summary API,82
FRA,Warren Zaïre-Emery,W. Zaïre-Emery,18,SUB,,false,ESPN public summary API,82
FRA,William Saliba,W. Saliba,17,CD-L,,false,ESPN public summary API,82
GHA,Abdul Mumin,A. Mumin,6,SUB,,false,ESPN public summary API,82
GHA,Alidu Seidu,A. Seidu,2,SUB,,false,ESPN public summary API,82
GHA,Antoine Semenyo,A. Semenyo,11,RM,,false,ESPN public summary API,82
GHA,Augustine Boakye,A. Boakye,20,SUB,,false,ESPN public summary API,82
GHA,Baba Rahman,B. Rahman,17,SUB,,false,ESPN public summary API,82
GHA,Benjamin Asare,B. Asare,16,G,,false,ESPN public summary API,82
GHA,Brandon Thomas-Asante,B. Thomas-Asante,10,SUB,,false,ESPN public summary API,82
GHA,Caleb Yirenkyi,C. Yirenkyi,3,SUB,,false,ESPN public summary API,82
GHA,Christopher Bonsu Baah,C. Baah,13,SUB,,false,ESPN public summary API,82
GHA,Derrick Luckassen,D. Luckassen,23,CD-L,,false,ESPN public summary API,82
GHA,Elisha Owusu,E. Owusu,15,CM-R,,false,ESPN public summary API,82
GHA,Ernest Nuamah,E. Nuamah,24,SUB,,false,ESPN public summary API,82
GHA,Fatawu Issahaku,F. Issahaku,7,SUB,,false,ESPN public summary API,82
GHA,Gideon Mensah,G. Mensah,14,LB,,false,ESPN public summary API,82
GHA,Iñaki Williams,I. Williams,19,SUB,,false,ESPN public summary API,82
GHA,Jerome Opoku,J. Opoku,18,SUB,,false,ESPN public summary API,82
GHA,Jonas Adjetey,J. Adjetey,4,CD-R,,false,ESPN public summary API,82
GHA,Jordan Ayew,J. Ayew,9,F,,false,ESPN public summary API,82
GHA,Joseph Anang,J. Anang,12,SUB,,false,ESPN public summary API,82
GHA,Kamaldeen Sulemana,K. Sulemana,22,LM,,false,ESPN public summary API,82
GHA,Kojo Peprah Oppong,K. Oppong,21,SUB,,false,ESPN public summary API,82
GHA,Kwasi Sibo,K. Sibo,8,CM-L,,false,ESPN public summary API,82
GHA,Lawrence Ati Zigi,L. Zigi,1,SUB,,false,ESPN public summary API,82
GHA,Marvin Senaya,M. Senaya,26,RB,,false,ESPN public summary API,82
GHA,Prince Adu,P. Adu,25,SUB,,false,ESPN public summary API,82
GHA,Thomas Partey,T. Partey,5,DM,,false,ESPN public summary API,82
HRV,Andrej Kramaric,A. Kramaric,9,SUB,,false,ESPN public summary API,82
HRV,Ante Budimir,A. Budimir,11,F,,false,ESPN public summary API,82
HRV,Dominik Kotarski,D. Kotarski,23,SUB,,false,ESPN public summary API,82
HRV,Dominik Livakovic,D. Livakovic,1,G,,false,ESPN public summary API,82
HRV,Duje Caleta-Car,D. Caleta-Car,5,SUB,,false,ESPN public summary API,82
HRV,Igor Matanovic,I. Matanovic,20,SUB,,false,ESPN public summary API,82
HRV,Ivan Perisic,I. Perisic,14,LB,,false,ESPN public summary API,82
HRV,Ivor Pandur,I. Pandur,12,SUB,,false,ESPN public summary API,82
HRV,Josip Stanisic,J. Stanisic,2,RB,,false,ESPN public summary API,82
HRV,Josip Sutalo,J. Sutalo,6,CD-R,,false,ESPN public summary API,82
HRV,Josko Gvardiol,J. Gvardiol,4,SUB,,false,ESPN public summary API,82
HRV,Kristijan Jakic,K. Jakic,18,SUB,,false,ESPN public summary API,82
HRV,Luka Modric,L. Modric,10,RM,,false,ESPN public summary API,82
HRV,Luka Sucic,L. Sucic,21,SUB,,false,ESPN public summary API,82
HRV,Luka Vuskovic,L. Vuskovic,22,SUB,,false,ESPN public summary API,82
HRV,Marco Pasalic,M. Pasalic,24,SUB,,false,ESPN public summary API,82
HRV,Marin Pongracic,M. Pongracic,3,CD-L,,false,ESPN public summary API,82
HRV,Mario Pasalic,M. Pasalic,15,SUB,,false,ESPN public summary API,82
HRV,Martin Baturina,M. Baturina,16,AM-L,,false,ESPN public summary API,82
HRV,Martin Erlic,M. Erlic,25,SUB,,false,ESPN public summary API,82
HRV,Mateo Kovacic,M. Kovacic,8,LM,,false,ESPN public summary API,82
HRV,Nikola Moro,N. Moro,7,SUB,,false,ESPN public summary API,82
HRV,Nikola Vlasic,N. Vlasic,13,AM-R,,false,ESPN public summary API,82
HRV,Petar Musa,P. Musa,26,SUB,,false,ESPN public summary API,82
HRV,Petar Sucic,P. Sucic,17,AM,,false,ESPN public summary API,82
HRV,Toni Fruk,T. Fruk,19,SUB,,false,ESPN public summary API,82
HTI,Alexandre Pierre,A. Pierre,12,SUB,,false,ESPN public summary API,82
HTI,Carl Sainté,C. Sainté,6,SUB,,false,ESPN public summary API,82
HTI,Carlens Arcus,C. Arcus,2,SUB,,false,ESPN public summary API,82
HTI,Danley Jean Jacques,D. Jean Jacques,17,CM-R,,false,ESPN public summary API,82
HTI,Derrick Etienne Jr.,D. Etienne Jr.,7,SUB,,false,ESPN public summary API,82
HTI,Dominique Simon,D. Simon,25,SUB,,false,ESPN public summary API,82
HTI,Duckens Nazon,D. Nazon,9,SUB,,false,ESPN public summary API,82
HTI,Frantzdy Pierrot,F. Pierrot,20,SUB,,false,ESPN public summary API,82
HTI,Garven Metusala,G. Metusala,14,SUB,,false,ESPN public summary API,82
HTI,Hannes Delcroix,H. Delcroix,5,CD-L,,false,ESPN public summary API,82
HTI,Jean-Kévin Duverne,J. Duverne,22,RB,,false,ESPN public summary API,82
HTI,Jean-Ricner Bellegarde,J. Bellegarde,10,CM-L,,false,ESPN public summary API,82
HTI,Johny Placide,J. Placide,1,G,,false,ESPN public summary API,82
HTI,Josué Casimir,J. Casimir,21,RM,,false,ESPN public summary API,82
HTI,Josué Duverger,J. Duverger,23,SUB,,false,ESPN public summary API,82
HTI,Keeto Thermoncy,K. Thermoncy,3,SUB,,false,ESPN public summary API,82
HTI,Lenny Joseph,L. Joseph,16,F,,false,ESPN public summary API,82
HTI,Louicius Deedson,L. Deedson,11,SUB,,false,ESPN public summary API,82
HTI,Markhus Lacroix,M. Lacroix,13,SUB,,false,ESPN public summary API,82
HTI,Martin Expérience,M. Expérience,8,LB,,false,ESPN public summary API,82
HTI,Ricardo Adé,R. Adé,4,CD-R,,false,ESPN public summary API,82
HTI,Ruben Providence,R. Providence,15,LM,,false,ESPN public summary API,82
HTI,Wilguens Paugain,W. Paugain,24,SUB,,false,ESPN public summary API,82
HTI,Wilson Isidor,W. Isidor,18,RCF,,false,ESPN public summary API,82
HTI,Woodensky Pierre,W. Pierre,26,SUB,,false,ESPN public summary API,82
HTI,Yassin Fortuné,Y. Fortuné,19,SUB,,false,ESPN public summary API,82
IRN,Ali Alipour,A. Alipour,11,SUB,,false,ESPN public summary API,82
IRN,Ali Nemati,A. Nemati,19,CD-L,,false,ESPN public summary API,82
IRN,Alireza Beiranvand,A. Beiranvand,1,G,,false,ESPN public summary API,82
IRN,Alireza Jahanbakhsh,A. Jahanbakhsh,7,SUB,,false,ESPN public summary API,82
IRN,Amirhossein Hosseinzadeh,A. Hosseinzadeh,18,SUB,,false,ESPN public summary API,82
IRN,Amirmohammad Razzaghinia,A. Razzaghinia,26,SUB,,false,ESPN public summary API,82
IRN,Arya Yousefi,A. Yousefi,17,SUB,,false,ESPN public summary API,82
IRN,Danial Iri,D. Iri,25,SUB,,false,ESPN public summary API,82
IRN,Dennis Dargahi,D. Dargahi,24,SUB,,false,ESPN public summary API,82
IRN,Ehsan Hajsafi,E. Hajsafi,3,SUB,,false,ESPN public summary API,82
IRN,Hossein Hosseini,H. Hosseini,22,SUB,,false,ESPN public summary API,82
IRN,Hossein Kanani,H. Kanani,13,CD-R,,false,ESPN public summary API,82
IRN,Mehdi Ghayedi,M. Ghayedi,10,SUB,,false,ESPN public summary API,82
IRN,Mehdi Taremi,M. Taremi,9,F,,false,ESPN public summary API,82
IRN,Mehdi Torabi,M. Torabi,16,SUB,,false,ESPN public summary API,82
IRN,Milad Mohammadi,M. Mohammadi,5,LB,,false,ESPN public summary API,82
IRN,Mohammad Ghorbani,M. Ghorbani,21,CM-R,,false,ESPN public summary API,82
IRN,Mohammad Mohebbi,M. Mohebbi,8,LM,,false,ESPN public summary API,82
IRN,Payam Niazmand,P. Niazmand,12,SUB,,false,ESPN public summary API,82
IRN,Ramin Rezaeian,R. Rezaeian,23,RB,,false,ESPN public summary API,82
IRN,Roozbeh Cheshmi,R. Cheshmi,15,SUB,,false,ESPN public summary API,82
IRN,Saeid Ezatolahi,S. Ezatolahi,6,CM-L,,false,ESPN public summary API,82
IRN,Saleh Hardani,S. Hardani,2,SUB,,false,ESPN public summary API,82
IRN,Saman Ghoddos,S. Ghoddos,14,RM,,false,ESPN public summary API,82
IRN,Shahriyar Moghanloo,S. Moghanloo,20,SUB,,false,ESPN public summary API,82
IRN,Shoja Khalilzadeh,S. Khalilzadeh,4,CD,,false,ESPN public summary API,82
IRQ,Ahmed Basil,A. Basil,22,G,,false,ESPN public summary API,82
IRQ,Ahmed Maknazi,A. Maknazi,15,SUB,,false,ESPN public summary API,82
IRQ,Ahmed Qasim,A. Qasim,11,AM-R,,false,ESPN public summary API,82
IRQ,Aimar Sher,A. Sher,20,SUB,,false,ESPN public summary API,82
IRQ,Akam Hashim,A. Hashim,5,CD-L,,false,ESPN public summary API,82
IRQ,Ali Al-Hamadi,A. Al-Hamadi,9,F,,false,ESPN public summary API,82
IRQ,Ali Jasim,A. Jasim,17,AM,,false,ESPN public summary API,82
IRQ,Ali Yousif,A. Yousif,13,SUB,,false,ESPN public summary API,82
IRQ,Amir Al-Ammari,A. Al-Ammari,16,LM,,false,ESPN public summary API,82
IRQ,Aymen Hussein,A. Hussein,18,SUB,,false,ESPN public summary API,82
IRQ,Fahad Talib,F. Talib,1,SUB,,false,ESPN public summary API,82
IRQ,Frans Putros,F. Putros,26,RB,,false,ESPN public summary API,82
IRQ,Hussein Ali,H. Ali,3,SUB,,false,ESPN public summary API,82
IRQ,Ibrahim Bayesh,I. Bayesh,8,AM-L,,false,ESPN public summary API,82
IRQ,Jalal Hassan,J. Hassan,12,SUB,,false,ESPN public summary API,82
IRQ,Kevin Yakob,K. Yakob,19,SUB,,false,ESPN public summary API,82
IRQ,Marko Farji,M. Farji,21,SUB,,false,ESPN public summary API,82
IRQ,Merchas Doski,M. Doski,23,LB,,false,ESPN public summary API,82
IRQ,Mohanad Ali,M. Ali,10,SUB,,false,ESPN public summary API,82
IRQ,Munaf Younus,M. Younus,6,SUB,,false,ESPN public summary API,82
IRQ,Mustafa Saadoon,M. Saadoon,25,SUB,,false,ESPN public summary API,82
IRQ,Rebin Sulaka,R. Sulaka,2,CD-R,,false,ESPN public summary API,82
IRQ,Youssef Amyn,Y. Amyn,7,SUB,,false,ESPN public summary API,82
IRQ,Zaid Ismael,Z. Ismael,24,SUB,,false,ESPN public summary API,82
IRQ,Zaid Tahseen,Z. Tahseen,4,SUB,,false,ESPN public summary API,82
IRQ,Zidane Iqbal,Z. Iqbal,14,RM,,false,ESPN public summary API,82
JOR,Abdallah Al-Fakhouri,A. Al-Fakhouri,22,SUB,,false,ESPN public summary API,82
JOR,Abdallah Nasib,A. Nasib,3,CD-R,,false,ESPN public summary API,82
JOR,Ali Azaizeh,A. Azaizeh,24,CF-R,,false,ESPN public summary API,82
JOR,Ali Olwan,A. Olwan,9,CF-L,,false,ESPN public summary API,82
JOR,Amer Jamous,A. Jamous,6,SUB,,false,ESPN public summary API,82
JOR,Anas Badawi,A. Badawi,26,SUB,,false,ESPN public summary API,82
JOR,Ehsan Haddad,E. Haddad,23,RM,,false,ESPN public summary API,82
JOR,Husam Abu Dahab,H. Abu Dahab,4,CD-L,,false,ESPN public summary API,82
JOR,Ibrahim Sadeh,I. Sadeh,15,SUB,,false,ESPN public summary API,82
JOR,Mahmoud Al-Mardi,M. Al-Mardi,13,SUB,,false,ESPN public summary API,82
JOR,Mohammad Abu Hasheesh,M. Abu Hasheesh,2,SUB,,false,ESPN public summary API,82
JOR,Mohammad Abualnadi,M. Abualnadi,16,SUB,,false,ESPN public summary API,82
JOR,Mohammad Abughoush,M. Abughoush,18,SUB,,false,ESPN public summary API,82
JOR,Mohammad Al-Daoud,M. Al-Daoud,25,SUB,,false,ESPN public summary API,82
JOR,Mohammed Abu Zraiq,M. Abu Zraiq,7,SUB,,false,ESPN public summary API,82
JOR,Mohannad Abu Taha,M. Abu Taha,20,LM,,false,ESPN public summary API,82
JOR,Mousa Al-Tamari,M. Al-Tamari,10,SUB,,false,ESPN public summary API,82
JOR,Nizar Al-Rashdan,N. Al-Rashdan,21,CM-R,,false,ESPN public summary API,82
JOR,Noor Al-Rawabdeh,N. Al-Rawabdeh,8,CM-L,,false,ESPN public summary API,82
JOR,Nour Bani Ateyah,N. Bani Ateyah,12,SUB,,false,ESPN public summary API,82
JOR,Odeh Fakhoury,O. Fakhoury,11,F,,false,ESPN public summary API,82
JOR,Rajaei Ayed,R. Ayed,14,SUB,,false,ESPN public summary API,82
JOR,Saed Al-Rosan,S. Al-Rosan,19,SUB,,false,ESPN public summary API,82
JOR,Saleem Obaid,S. Obaid,17,SUB,,false,ESPN public summary API,82
JOR,Yazan Al-Arab,Y. Al-Arab,5,CD,,false,ESPN public summary API,82
JOR,Yazeed Abulaila,Y. Abulaila,1,G,,false,ESPN public summary API,82
JPN,Ao Tanaka,A. Tanaka,7,SUB,,false,ESPN public summary API,82
JPN,Ayase Ueda,A. Ueda,18,F,,false,ESPN public summary API,82
JPN,Ayumu Seko,A. Seko,20,SUB,,false,ESPN public summary API,82
JPN,Daichi Kamada,D. Kamada,15,CM-L,,false,ESPN public summary API,82
JPN,Daizen Maeda,D. Maeda,11,CF-L,,false,ESPN public summary API,82
JPN,Hiroki Ito,H. Ito,21,CD-L,,false,ESPN public summary API,82
JPN,Junnosuke Suzuki,J. Suzuki,25,SUB,,false,ESPN public summary API,82
JPN,Junya Ito,J. Ito,14,CF-R,,false,ESPN public summary API,82
JPN,Kaishu Sano,K. Sano,24,CM-R,,false,ESPN public summary API,82
JPN,Keisuke Goto,K. Goto,9,SUB,,false,ESPN public summary API,82
JPN,Keisuke Osako,K. Osako,12,SUB,,false,ESPN public summary API,82
JPN,Keito Nakamura,K. Nakamura,13,LM,,false,ESPN public summary API,82
JPN,Kento Shiogai,K. Shiogai,26,SUB,,false,ESPN public summary API,82
JPN,Koki Ogawa,K. Ogawa,19,SUB,,false,ESPN public summary API,82
JPN,Kou Itakura,K. Itakura,4,SUB,,false,ESPN public summary API,82
JPN,Ritsu Doan,R. Doan,10,RM,,false,ESPN public summary API,82
JPN,Shogo Taniguchi,S. Taniguchi,3,CD,,false,ESPN public summary API,82
JPN,Shuto Machino,S. Machino,6,SUB,,false,ESPN public summary API,82
JPN,Takefusa Kubo,T. Kubo,8,SUB,,false,ESPN public summary API,82
JPN,Takehiro Tomiyasu,T. Tomiyasu,22,CD-R,,false,ESPN public summary API,82
JPN,Tomoki Hayakawa,T. Hayakawa,23,SUB,,false,ESPN public summary API,82
JPN,Tsuyoshi Watanabe,T. Watanabe,16,SUB,,false,ESPN public summary API,82
JPN,Yuito Suzuki,Y. Suzuki,17,SUB,,false,ESPN public summary API,82
JPN,Yukinari Sugawara,Y. Sugawara,2,SUB,,false,ESPN public summary API,82
JPN,Yuto Nagatomo,Y. Nagatomo,5,SUB,,false,ESPN public summary API,82
JPN,Zion Suzuki,Z. Suzuki,1,G,,false,ESPN public summary API,82
KOR,Bae Jun-Ho,B. Jun-Ho,17,SUB,,false,ESPN public summary API,82
KOR,Cho Gue-Sung,C. Gue-Sung,9,SUB,,false,ESPN public summary API,82
KOR,Cho Wi-Je,C. Wi-Je,14,SUB,,false,ESPN public summary API,82
KOR,Eom Ji-Sung,E. Ji-Sung,25,SUB,,false,ESPN public summary API,82
KOR,Hwang Hee-Chan,H. Hee-Chan,11,CF-L,,false,ESPN public summary API,82
KOR,Hwang In-Beom,H. In-Beom,6,CM-L,,false,ESPN public summary API,82
KOR,Jens Castrop,J. Castrop,23,SUB,,false,ESPN public summary API,82
KOR,Jo Hyeon-Woo,J. Hyeon-Woo,21,SUB,,false,ESPN public summary API,82
KOR,Kim Jin-Gyu,K. Jin-Gyu,24,SUB,,false,ESPN public summary API,82
KOR,Kim Min-Jae,K. Min-Jae,4,CD,,false,ESPN public summary API,82
KOR,Kim Moon-Hwan,K. Moon-Hwan,15,SUB,,false,ESPN public summary API,82
KOR,Kim Seung-Gyu,K. Seung-Gyu,1,G,,false,ESPN public summary API,82
KOR,Kim Tae-Hyeon,K. Tae-Hyeon,5,SUB,,false,ESPN public summary API,82
KOR,Lee Dong-Gyeong,L. Dong-Gyeong,26,SUB,,false,ESPN public summary API,82
KOR,Lee Gi-Hyuk,L. Gi-Hyuk,3,CD-L,,false,ESPN public summary API,82
KOR,Lee Han-Beom,L. Han-Beom,2,CD-R,,false,ESPN public summary API,82
KOR,Lee Jae-Sung,L. Jae-Sung,10,SUB,,false,ESPN public summary API,82
KOR,Lee Kang-In,L. Kang-In,19,CF-R,,false,ESPN public summary API,82
KOR,Lee Tae-Seok,L. Tae-Seok,13,LM,,false,ESPN public summary API,82
KOR,Oh Hyeon-Gyu,O. Hyeon-Gyu,18,F,,false,ESPN public summary API,82
KOR,Paik Seung-Ho,P. Seung-Ho,8,CM-R,,false,ESPN public summary API,82
KOR,Park Jin-Seop,P. Jin-Seop,16,SUB,,false,ESPN public summary API,82
KOR,Seol Young-Woo,S. Young-Woo,22,RM,,false,ESPN public summary API,82
KOR,Son Heung-Min,S. Heung-Min,7,SUB,,false,ESPN public summary API,82
KOR,Song Bum-Keun,S. Bum-Keun,12,SUB,,false,ESPN public summary API,82
KOR,Yang Hyun-Jun,Y. Hyun-Jun,20,SUB,,false,ESPN public summary API,82
MAR,Achraf Hakimi,A. Hakimi,2,RB,,false,ESPN public summary API,82
MAR,Ahmed Reda Tagnaouti,A. Tagnaouti,22,SUB,,false,ESPN public summary API,82
MAR,Amine Sbaï,A. Sbaï,17,SUB,,false,ESPN public summary API,82
MAR,Anass Salah-Eddine,A. Salah-Eddine,26,LB,,false,ESPN public summary API,82
MAR,Ayoub El Kaabi,A. El Kaabi,20,F,,false,ESPN public summary API,82
MAR,Ayoube Amaimouni,A. Amaimouni,21,SUB,,false,ESPN public summary API,82
MAR,Ayyoub Bouaddi,A. Bouaddi,6,SUB,,false,ESPN public summary API,82
MAR,Azzedine Ounahi,A. Ounahi,8,SUB,,false,ESPN public summary API,82
MAR,Bilal El Khannouss,B. El Khannouss,23,AM-L,,false,ESPN public summary API,82
MAR,Brahim Díaz,B. Díaz,10,AM-R,,false,ESPN public summary API,82
MAR,Chadi Riad,C. Riad,18,CD-L,,false,ESPN public summary API,82
MAR,Chemsdine Talbi,C. Talbi,7,SUB,,false,ESPN public summary API,82
MAR,Gessime Yassine,G. Yassine,16,SUB,,false,ESPN public summary API,82
MAR,Ismael Saibari,I. Saibari,11,AM,,false,ESPN public summary API,82
MAR,Issa Diop,I. Diop,14,SUB,,false,ESPN public summary API,82
MAR,Marwane Saadane,M. Saadane,5,SUB,,false,ESPN public summary API,82
MAR,Munir El Kajoui,M. El Kajoui,12,SUB,,false,ESPN public summary API,82
MAR,Neil El Aynaoui,N. El Aynaoui,24,RM,,false,ESPN public summary API,82
MAR,Noussair Mazraoui,N. Mazraoui,3,SUB,,false,ESPN public summary API,82
MAR,Redouane Halhal,R. Halhal,25,CD-R,,false,ESPN public summary API,82
MAR,Samir El Mourabet,S. El Mourabet,15,SUB,,false,ESPN public summary API,82
MAR,Sofyan Amrabat,S. Amrabat,4,LM,,false,ESPN public summary API,82
MAR,Soufiane Rahimi,S. Rahimi,9,SUB,,false,ESPN public summary API,82
MAR,Yassine Bounou,Y. Bounou,1,G,,false,ESPN public summary API,82
MAR,Youssef Belammari,Y. Belammari,19,SUB,,false,ESPN public summary API,82
MAR,Zakaria El Ouahdi,Z. El Ouahdi,13,SUB,,false,ESPN public summary API,82
MEX,Alexis Vega,A. Vega,10,SUB,,false,ESPN public summary API,82
MEX,Armando González,A. González,14,SUB,,false,ESPN public summary API,82
MEX,Brian Gutiérrez,B. Gutiérrez,26,SUB,,false,ESPN public summary API,82
MEX,Carlos Acevedo,C. Acevedo,12,SUB,,false,ESPN public summary API,82
MEX,César Huerta,C. Huerta,21,SUB,,false,ESPN public summary API,82
MEX,César Montes,C. Montes,3,CD-R,,false,ESPN public summary API,82
MEX,Edson Álvarez,E. Álvarez,4,SUB,,false,ESPN public summary API,82
MEX,Gilberto Mora,G. Mora,19,RM,,false,ESPN public summary API,82
MEX,Guillermo Martínez,G. Martínez,22,SUB,,false,ESPN public summary API,82
MEX,Guillermo Ochoa,G. Ochoa,13,SUB,,false,ESPN public summary API,82
MEX,Israel Reyes,I. Reyes,15,SUB,,false,ESPN public summary API,82
MEX,Jesús Gallardo,J. Gallardo,23,LB,,false,ESPN public summary API,82
MEX,Johan Vásquez,J. Vásquez,5,CD-L,,false,ESPN public summary API,82
MEX,Jorge Sánchez,J. Sánchez,2,RB,,false,ESPN public summary API,82
MEX,Julián Quiñones,J. Quiñones,16,LF,,false,ESPN public summary API,82
MEX,Luis Chávez,L. Chávez,24,SUB,,false,ESPN public summary API,82
MEX,Luis Romo,L. Romo,7,LM,,false,ESPN public summary API,82
MEX,Mateo Chávez,M. Chávez,20,SUB,,false,ESPN public summary API,82
MEX,Obed Vargas,O. Vargas,18,SUB,,false,ESPN public summary API,82
MEX,Orbelín Pineda,O. Pineda,17,SUB,,false,ESPN public summary API,82
MEX,Raúl Jiménez,R. Jiménez,9,F,,false,ESPN public summary API,82
MEX,Raúl Rangel,R. Rangel,1,G,,false,ESPN public summary API,82
MEX,Roberto Alvarado,R. Alvarado,25,RF,,false,ESPN public summary API,82
MEX,Santiago Gimenez,S. Gimenez,11,SUB,,false,ESPN public summary API,82
MEX,Álvaro Fidalgo,Á. Fidalgo,8,SUB,,false,ESPN public summary API,82
MEX,Érik Lira,É. Lira,6,CM,,false,ESPN public summary API,82
NOR,Alexander Sørloth,A. Sørloth,7,RF,,false,ESPN public summary API,82
NOR,Andreas Schjelderup,A. Schjelderup,21,SUB,,false,ESPN public summary API,82
NOR,Antonio Nusa,A. Nusa,20,LF,,false,ESPN public summary API,82
NOR,David Møller Wolfe,D. Møller Wolfe,5,LB,,false,ESPN public summary API,82
NOR,Egil Selvik,E. Selvik,13,SUB,,false,ESPN public summary API,82
NOR,Erling Haaland,E. Haaland,9,F,,false,ESPN public summary API,82
NOR,Fredrik André Bjørkan,F. Bjørkan,15,SUB,,false,ESPN public summary API,82
NOR,Fredrik Aursnes,F. Aursnes,14,SUB,,false,ESPN public summary API,82
NOR,Henrik Falchener,H. Falchener,25,SUB,,false,ESPN public summary API,82
NOR,Jens Petter Hauge,J. Hauge,23,SUB,,false,ESPN public summary API,82
NOR,Julian Ryerson,J. Ryerson,26,SUB,,false,ESPN public summary API,82
NOR,Jørgen Strand Larsen,J. Larsen,11,SUB,,false,ESPN public summary API,82
NOR,Kristian Thorstvedt,K. Thorstvedt,18,SUB,,false,ESPN public summary API,82
NOR,Kristoffer Ajer,K. Ajer,3,CD-R,,false,ESPN public summary API,82
NOR,Leo Østigard,L. Østigard,4,SUB,,false,ESPN public summary API,82
NOR,Marcus Holmgren Pedersen,M. Holmgren Pedersen,16,RB,,false,ESPN public summary API,82
NOR,Martin Ødegaard,M. Ødegaard,10,RM,,false,ESPN public summary API,82
NOR,Morten Thorsby,M. Thorsby,2,SUB,,false,ESPN public summary API,82
NOR,Oscar Bobb,O. Bobb,22,SUB,,false,ESPN public summary API,82
NOR,Patrick Berg,P. Berg,6,LM,,false,ESPN public summary API,82
NOR,Sander Berge,S. Berge,8,CM,,false,ESPN public summary API,82
NOR,Sander Tangvik,S. Tangvik,12,SUB,,false,ESPN public summary API,82
NOR,Sondre Langas,S. Langas,24,SUB,,false,ESPN public summary API,82
NOR,Thelo Aasgaard,T. Aasgaard,19,SUB,,false,ESPN public summary API,82
NOR,Torbjørn Heggem,T. Heggem,17,CD-L,,false,ESPN public summary API,82
NOR,Ørjan Nyland,Ø. Nyland,1,G,,false,ESPN public summary API,82
NZL,Alex Paulsen,A. Paulsen,12,SUB,,false,ESPN public summary API,82
NZL,Alex Rufer,A. Rufer,14,SUB,,false,ESPN public summary API,82
NZL,Ben Old,B. Old,19,SUB,,false,ESPN public summary API,82
NZL,Ben Waine,B. Waine,18,SUB,,false,ESPN public summary API,82
NZL,Callan Elliot,C. Elliot,24,SUB,,false,ESPN public summary API,82
NZL,Callum McCowatt,C. McCowatt,20,SUB,,false,ESPN public summary API,82
NZL,Chris Wood,C. Wood,9,F,,false,ESPN public summary API,82
NZL,Elijah Just,E. Just,11,AM-L,,false,ESPN public summary API,82
NZL,Finn Surman,F. Surman,16,CD-R,,false,ESPN public summary API,82
NZL,Francis de Vries,F. de Vries,3,SUB,,false,ESPN public summary API,82
NZL,Jesse Randall,J. Randall,21,SUB,,false,ESPN public summary API,82
NZL,Joe Bell,J. Bell,6,RM,,false,ESPN public summary API,82
NZL,Kosta Barbarouses,K. Barbarouses,17,SUB,,false,ESPN public summary API,82
NZL,Lachlan Bayliss,L. Bayliss,25,SUB,,false,ESPN public summary API,82
NZL,Liberato Cacace,L. Cacace,13,LB,,false,ESPN public summary API,82
NZL,Logan Rogerson,L. Rogerson,7,SUB,,false,ESPN public summary API,82
NZL,Marko Stamenic,M. Stamenic,8,LM,,false,ESPN public summary API,82
NZL,Max Crocombe,M. Crocombe,1,G,,false,ESPN public summary API,82
NZL,Michael Boxall,M. Boxall,5,SUB,,false,ESPN public summary API,82
NZL,Michael Woud,M. Woud,22,SUB,,false,ESPN public summary API,82
NZL,Nando Pijnaker,N. Pijnaker,15,SUB,,false,ESPN public summary API,82
NZL,Ryan Thomas,R. Thomas,23,AM,,false,ESPN public summary API,82
NZL,Sarpreet Singh,S. Singh,10,AM-R,,false,ESPN public summary API,82
NZL,Tim Payne,T. Payne,2,RB,,false,ESPN public summary API,82
NZL,Tommy Smith,T. Smith,26,SUB,,false,ESPN public summary API,82
NZL,Tyler Bindon,T. Bindon,4,CD-L,,false,ESPN public summary API,82
PAN,Adalberto Carrasquilla,A. Carrasquilla,8,SUB,,false,ESPN public summary API,82
PAN,Alberto Quintero,A. Quintero,19,SUB,,false,ESPN public summary API,82
PAN,Amir Murillo,A. Murillo,23,RB,,false,ESPN public summary API,82
PAN,Andrés Andrade,A. Andrade,16,CD-L,,false,ESPN public summary API,82
PAN,Aníbal Godoy,A. Godoy,20,SUB,,false,ESPN public summary API,82
PAN,Azarias Londoño,A. Londoño,24,SUB,,false,ESPN public summary API,82
PAN,Carlos Harvey,C. Harvey,14,CM-R,,false,ESPN public summary API,82
PAN,Cecilio Waterman,C. Waterman,18,SUB,,false,ESPN public summary API,82
PAN,Cristian Martínez,C. Martínez,6,RM,,false,ESPN public summary API,82
PAN,César Blackman,C. Blackman,2,SUB,,false,ESPN public summary API,82
PAN,César Samudio,C. Samudio,12,SUB,,false,ESPN public summary API,82
PAN,César Yanis,C. Yanis,21,SUB,,false,ESPN public summary API,82
PAN,Edgardo Fariña,E. Fariña,5,SUB,,false,ESPN public summary API,82
PAN,Fidel Escobar,F. Escobar,4,CD-R,,false,ESPN public summary API,82
PAN,Ismael Díaz,I. Díaz,10,SUB,,false,ESPN public summary API,82
PAN,Jiovany Ramos,J. Ramos,13,SUB,,false,ESPN public summary API,82
PAN,Jorge Gutiérrez,J. Gutiérrez,26,LB,,false,ESPN public summary API,82
PAN,José Córdoba,J. Córdoba,3,CD,,false,ESPN public summary API,82
PAN,José Fajardo,J. Fajardo,17,SUB,,false,ESPN public summary API,82
PAN,José Luis Rodríguez,J. Rodríguez,7,LM,,false,ESPN public summary API,82
PAN,Luis Mejía,L. Mejía,1,SUB,,false,ESPN public summary API,82
PAN,Orlando Mosquera,O. Mosquera,22,G,,false,ESPN public summary API,82
PAN,Roderick Miller,R. Miller,25,SUB,,false,ESPN public summary API,82
PAN,Tomás Rodríguez,T. Rodríguez,9,F,,false,ESPN public summary API,82
PAN,Édgar Yoel Bárcenas,É. Bárcenas,11,CM-L,,false,ESPN public summary API,82
PAN,Éric Davis,É. Davis,15,SUB,,false,ESPN public summary API,82
PRY,Alejandro Romero Gamarra,A. Romero Gamarra,17,SUB,,false,ESPN public summary API,82
PRY,Alex Arce,A. Arce,18,SUB,,false,ESPN public summary API,82
PRY,Alexandro Maidana,A. Maidana,26,LB,,false,ESPN public summary API,82
PRY,Andrés Cubas,A. Cubas,14,CM,,false,ESPN public summary API,82
PRY,Antonio Sanabria,A. Sanabria,9,SUB,,false,ESPN public summary API,82
PRY,Braian Ojeda,B. Ojeda,20,SUB,,false,ESPN public summary API,82
PRY,Damián Bobadilla,D. Bobadilla,16,SUB,,false,ESPN public summary API,82
PRY,Diego Gómez,D. Gómez,8,CM-R,,false,ESPN public summary API,82
PRY,Fabián Balbuena,F. Balbuena,5,SUB,,false,ESPN public summary API,82
PRY,Gabriel Ávalos,G. Ávalos,21,CF-R,,false,ESPN public summary API,82
PRY,Gastón Olveira,G. Olveira,22,SUB,,false,ESPN public summary API,82
PRY,Gatito Fernández,G. Fernández,1,SUB,,false,ESPN public summary API,82
PRY,Gustavo Caballero,G. Caballero,24,SUB,,false,ESPN public summary API,82
PRY,Gustavo Gómez,G. Gómez,15,CD,,false,ESPN public summary API,82
PRY,Gustavo Velázquez,G. Velázquez,2,CD-R,,false,ESPN public summary API,82
PRY,Isidro Pitta,I. Pitta,25,SUB,,false,ESPN public summary API,82
PRY,José Canale,J. Canale,13,SUB,,false,ESPN public summary API,82
PRY,Juan Jose Cáceres,J. Cáceres,4,RB,,false,ESPN public summary API,82
PRY,Julio Enciso,J. Enciso,19,CF-L,,false,ESPN public summary API,82
PRY,Júnior Alonso,J. Alonso,6,SUB,,false,ESPN public summary API,82
PRY,Matías Galarza,M. Galarza,23,CM-L,,false,ESPN public summary API,82
PRY,Maurício,Maurício,11,SUB,,false,ESPN public summary API,82
PRY,Miguel Almirón,M. Almirón,10,LM,,false,ESPN public summary API,82
PRY,Omar Alderete,O. Alderete,3,CD-L,,false,ESPN public summary API,82
PRY,Orlando Gill,O. Gill,12,G,,false,ESPN public summary API,82
PRY,Ramón Sosa,R. Sosa,7,SUB,,false,ESPN public summary API,82
QAT,Abdulaziz Hatem,A. Hatem,6,SUB,,false,ESPN public summary API,82
QAT,Ahmed Al-Ganehi,A. Al-Ganehi,17,SUB,,false,ESPN public summary API,82
QAT,Ahmed Alaaeldin,A. Alaaeldin,7,SUB,,false,ESPN public summary API,82
QAT,Ahmed Fathy,A. Fathy,20,CM,,false,ESPN public summary API,82
QAT,Akram Afif,A. Afif,11,F,,false,ESPN public summary API,82
QAT,Al-Hashmi Al-Hussain,A. Al-Hussain,25,SUB,,false,ESPN public summary API,82
QAT,Almoez Ali,A. Ali,19,SUB,,false,ESPN public summary API,82
QAT,Assim Madibo,A. Madibo,23,CM,,false,ESPN public summary API,82
QAT,Ayoub Al-Oui,A. Al-Oui,13,SUB,,false,ESPN public summary API,82
QAT,Boualem Khoukhi,B. Khoukhi,16,CD-R,,false,ESPN public summary API,82
QAT,Edmílson Junior,Edmílson Junior,8,RF,,false,ESPN public summary API,82
QAT,Hassan Al-Haydos,H. Al-Haydos,10,LF,,false,ESPN public summary API,82
QAT,Homam Ahmed,H. Ahmed,14,LB,,false,ESPN public summary API,82
QAT,Issa Laye,I. Laye,4,CD-L,,false,ESPN public summary API,82
QAT,Jassem Gaber,J. Gaber,5,RM,,false,ESPN public summary API,82
QAT,Karim Boudiaf,K. Boudiaf,12,LM,,false,ESPN public summary API,82
QAT,Lucas Mendes,L. Mendes,3,SUB,,false,ESPN public summary API,82
QAT,Mahmoud Abunada,M. Abunada,1,G,,false,ESPN public summary API,82
QAT,Meshaal Barsham,M. Barsham,22,SUB,,false,ESPN public summary API,82
QAT,Mohamed Manai,M. Manai,26,SUB,,false,ESPN public summary API,82
QAT,Mohammed Muntari,M. Muntari,9,SUB,,false,ESPN public summary API,82
QAT,Pedro Miguel,P. Miguel,2,RB,,false,ESPN public summary API,82
QAT,Salah Zakaria,S. Zakaria,21,SUB,,false,ESPN public summary API,82
QAT,Sultan Al-Brake,S. Al-Brake,18,LB,,false,ESPN public summary API,82
QAT,Tahsin Jamshid,T. Jamshid,24,SUB,,false,ESPN public summary API,82
QAT,Yusuf Abdurisag,Y. Abdurisag,15,SUB,,false,ESPN public summary API,82
SAU,Abdulelah Al-Amri,A. Al-Amri,4,CD-R,,false,ESPN public summary API,82
SAU,Abdullah Al-Hamdan,A. Al-Hamdan,19,SUB,,false,ESPN public summary API,82
SAU,Abdullah Al-Khaibari,A. Al-Khaibari,15,CM-R,,false,ESPN public summary API,82
SAU,Ahmed Al-Kassar,A. Al-Kassar,22,SUB,,false,ESPN public summary API,82
SAU,Aiman Yahya,A. Yahya,8,SUB,,false,ESPN public summary API,82
SAU,Ala Al-Hajji,A. Al-Hajji,18,SUB,,false,ESPN public summary API,82
SAU,Ali Lajami,A. Lajami,3,SUB,,false,ESPN public summary API,82
SAU,Ali Majrashi,A. Majrashi,2,SUB,,false,ESPN public summary API,82
SAU,Feras Al-Brikan,F. Al-Brikan,9,CF-R,,false,ESPN public summary API,82
SAU,Hassan Al-Tambakti,H. Al-Tambakti,5,CD-L,,false,ESPN public summary API,82
SAU,Hassan Kadish,H. Kadish,14,SUB,,false,ESPN public summary API,82
SAU,Jehad Thakri,J. Thakri,25,SUB,,false,ESPN public summary API,82
SAU,Khalid Al-Ghannam,K. Al-Ghannam,17,SUB,,false,ESPN public summary API,82
SAU,Mohamed Kanno,M. Kanno,23,CF-L,,false,ESPN public summary API,82
SAU,Mohammed Abu Al-Shamat,M. Abu Al-Shamat,26,SUB,,false,ESPN public summary API,82
SAU,Mohammed Al-Owais,M. Al-Owais,21,G,,false,ESPN public summary API,82
SAU,Moteb Al-Harbi,M. Al-Harbi,24,SUB,,false,ESPN public summary API,82
SAU,Musab Al-Juwayr,M. Al-Juwayr,7,SUB,,false,ESPN public summary API,82
SAU,Nasser Al-Dawsari,N. Al-Dawsari,6,CM-L,,false,ESPN public summary API,82
SAU,Nawaf Al-Aqidi,N. Al-Aqidi,1,SUB,,false,ESPN public summary API,82
SAU,Nawaf Boushal,N. Boushal,13,LB,,false,ESPN public summary API,82
SAU,Saleh Al-Shehri,S. Al-Shehri,11,SUB,,false,ESPN public summary API,82
SAU,Salem Al-Dawsari,S. Al-Dawsari,10,LM,,false,ESPN public summary API,82
SAU,Saud Abdulhamid,S. Abdulhamid,12,RB,,false,ESPN public summary API,82
SAU,Sultan Mandash,S. Mandash,20,RM,,false,ESPN public summary API,82
SAU,Ziyad Al-Johani,Z. Al-Johani,16,SUB,,false,ESPN public summary API,82
SCO,Aaron Hickey,A. Hickey,2,SUB,,false,ESPN public summary API,82
SCO,Andy Robertson,A. Robertson,3,LB,,false,ESPN public summary API,82
SCO,Angus Gunn,A. Gunn,1,G,,false,ESPN public summary API,82
SCO,Anthony Ralston,A. Ralston,24,SUB,,false,ESPN public summary API,82
SCO,Ben Gannon-Doak,B. Gannon-Doak,17,AM-R,,false,ESPN public summary API,82
SCO,Ché Adams,C. Adams,10,SUB,,false,ESPN public summary API,82
SCO,Craig Gordon,C. Gordon,21,SUB,,false,ESPN public summary API,82
SCO,Dominic Hyam,D. Hyam,16,SUB,,false,ESPN public summary API,82
SCO,Findlay Curtis,F. Curtis,25,SUB,,false,ESPN public summary API,82
SCO,George Hirst,G. Hirst,18,SUB,,false,ESPN public summary API,82
SCO,Grant Hanley,G. Hanley,5,SUB,,false,ESPN public summary API,82
SCO,Jack Hendry,J. Hendry,13,CD-R,,false,ESPN public summary API,82
SCO,John McGinn,J. McGinn,7,AM-L,,false,ESPN public summary API,82
SCO,John Souttar,J. Souttar,15,SUB,,false,ESPN public summary API,82
SCO,Kenny McLean,K. McLean,23,LM,,false,ESPN public summary API,82
SCO,Kieran Tierney,K. Tierney,6,SUB,,false,ESPN public summary API,82
SCO,Lawrence Shankland,L. Shankland,20,F,,false,ESPN public summary API,82
SCO,Lewis Ferguson,L. Ferguson,19,RM,,false,ESPN public summary API,82
SCO,Liam Kelly,L. Kelly,12,SUB,,false,ESPN public summary API,82
SCO,Lyndon Dykes,L. Dykes,9,SUB,,false,ESPN public summary API,82
SCO,Nathan Patterson,N. Patterson,22,RB,,false,ESPN public summary API,82
SCO,Ross Stewart,R. Stewart,14,SUB,,false,ESPN public summary API,82
SCO,Ryan Christie,R. Christie,11,SUB,,false,ESPN public summary API,82
SCO,Scott McKenna,S. McKenna,26,CD-L,,false,ESPN public summary API,82
SCO,Scott McTominay,S. McTominay,4,AM,,false,ESPN public summary API,82
SCO,Tyler Fletcher,T. Fletcher,8,SUB,,false,ESPN public summary API,82
SEN,Abdoulaye Seck,A. Seck,4,SUB,,false,ESPN public summary API,82
SEN,Antoine Mendy,A. Mendy,24,SUB,,false,ESPN public summary API,82
SEN,Assane Diao,A. Diao,7,SUB,,false,ESPN public summary API,82
SEN,Bamba Dieng,B. Dieng,9,SUB,,false,ESPN public summary API,82
SEN,Bara Sapoko Ndiaye,B. Ndiaye,22,SUB,,false,ESPN public summary API,82
SEN,Cherif Ndiaye,C. Ndiaye,12,SUB,,false,ESPN public summary API,82
SEN,El Hadji Malick Diouf,E. Diouf,25,SUB,,false,ESPN public summary API,82
SEN,Habib Diarra,H. Diarra,21,RM,,false,ESPN public summary API,82
SEN,Ibrahim Mbaye,I. Mbaye,20,SUB,,false,ESPN public summary API,82
SEN,Idrissa Gueye,I. Gueye,5,CM,,false,ESPN public summary API,82
SEN,Iliman Ndiaye,I. Ndiaye,13,RF,,false,ESPN public summary API,82
SEN,Ismail Jakobs,I. Jakobs,14,LB,,false,ESPN public summary API,82
SEN,Ismaïla Sarr,I. Sarr,18,F,,false,ESPN public summary API,82
SEN,Kalidou Koulibaly,K. Koulibaly,3,SUB,,false,ESPN public summary API,82
SEN,Krépin Diatta,K. Diatta,15,RB,,false,ESPN public summary API,82
SEN,Lamine Camara,L. Camara,8,SUB,,false,ESPN public summary API,82
SEN,Mamadou Sarr,M. Sarr,2,SUB,,false,ESPN public summary API,82
SEN,Mory Diaw,M. Diaw,23,G,,false,ESPN public summary API,82
SEN,Moussa Niakhaté,M. Niakhaté,19,CD-L,,false,ESPN public summary API,82
SEN,Nicolas Jackson,N. Jackson,11,SUB,,false,ESPN public summary API,82
SEN,Pape Gueye,P. Gueye,26,LM,,false,ESPN public summary API,82
SEN,Pape Matar Sarr,P. Sarr,17,SUB,,false,ESPN public summary API,82
SEN,Pathé Ciss,P. Ciss,6,CD-R,,false,ESPN public summary API,82
SEN,Sadio Mané,S. Mané,10,LF,,false,ESPN public summary API,82
SEN,Yehvann Diouf,Y. Diouf,1,SUB,,false,ESPN public summary API,82
SEN,Édouard Mendy,É. Mendy,16,G,,false,ESPN public summary API,82
SWE,Alexander Bernhardsson,A. Bernhardsson,21,SUB,,false,ESPN public summary API,82
SWE,Alexander Isak,A. Isak,9,CF-L,,false,ESPN public summary API,82
SWE,Anthony Elanga,A. Elanga,11,RM,,false,ESPN public summary API,82
SWE,Benjamin Nygren,B. Nygren,10,SUB,,false,ESPN public summary API,82
SWE,Besfort Zeneli,B. Zeneli,22,SUB,,false,ESPN public summary API,82
SWE,Carl Starfelt,C. Starfelt,15,SUB,,false,ESPN public summary API,82
SWE,Daniel Svensson,D. Svensson,8,RB,,false,ESPN public summary API,82
SWE,Elliot Stroud,E. Stroud,24,LM,,false,ESPN public summary API,82
SWE,Eric Smith,E. Smith,20,SUB,,false,ESPN public summary API,82
SWE,Gabriel Gudmundsson,G. Gudmundsson,5,LB,,false,ESPN public summary API,82
SWE,Gustaf Lagerbielke,G. Lagerbielke,2,CD-R,,false,ESPN public summary API,82
SWE,Gustaf Nilsson,G. Nilsson,25,SUB,,false,ESPN public summary API,82
SWE,Herman Johansson,H. Johansson,6,SUB,,false,ESPN public summary API,82
SWE,Hjalmar Ekdal,H. Ekdal,14,SUB,,false,ESPN public summary API,82
SWE,Isak Hien,I. Hien,4,CD,,false,ESPN public summary API,82
SWE,Jacob Widell Zetterström,J. Widell Zetterström,1,G,,false,ESPN public summary API,82
SWE,Jesper Karlström,J. Karlström,16,SUB,,false,ESPN public summary API,82
SWE,Ken Sema,K. Sema,13,SUB,,false,ESPN public summary API,82
SWE,Kristoffer Nordfeldt,K. Nordfeldt,23,SUB,,false,ESPN public summary API,82
SWE,Lucas Bergvall,L. Bergvall,7,CM-R,,false,ESPN public summary API,82
SWE,Mattias Svanberg,M. Svanberg,19,SUB,,false,ESPN public summary API,82
SWE,Taha Ali,T. Ali,26,SUB,,false,ESPN public summary API,82
SWE,Victor Lindelöf,V. Lindelöf,3,CD-L,,false,ESPN public summary API,82
SWE,Viktor Gyökeres,V. Gyökeres,17,CF-R,,false,ESPN public summary API,82
SWE,Viktor Johansson,V. Johansson,12,SUB,,false,ESPN public summary API,82
SWE,Yasin Ayari,Y. Ayari,18,CM-L,,false,ESPN public summary API,82
TUN,Adem Arous,A. Arous,5,SUB,,false,ESPN public summary API,82
TUN,Ali Abdi,A. Abdi,2,LM,,false,ESPN public summary API,82
TUN,Anis Slimane,A. Slimane,25,CM-R,,false,ESPN public summary API,82
TUN,Aymen Dahmen,A. Dahmen,16,G,,false,ESPN public summary API,82
TUN,Dylan Bronn,D. Bronn,6,CD-R,,false,ESPN public summary API,82
TUN,Elias Achouri,E. Achouri,7,SUB,,false,ESPN public summary API,82
TUN,Elias Saad,E. Saad,8,CF-R,,false,ESPN public summary API,82
TUN,Ellyes Skhiri,E. Skhiri,17,CM-L,,false,ESPN public summary API,82
TUN,Firas Chaouat,F. Chaouat,19,SUB,,false,ESPN public summary API,82
TUN,Hannibal Mejbri,H. Mejbri,10,CF-L,,false,ESPN public summary API,82
TUN,Hazem Mastouri,H. Mastouri,9,SUB,,false,ESPN public summary API,82
TUN,Ismaël Gharbi,I. Gharbi,11,SUB,,false,ESPN public summary API,82
TUN,Khalil Ayari,K. Ayari,14,SUB,,false,ESPN public summary API,82
TUN,Mohamed Amine Ben Hamida,M. Ben Hamida,21,SUB,,false,ESPN public summary API,82
TUN,Mohamed Hadj Mahmoud,M. Hadj Mahmoud,15,SUB,,false,ESPN public summary API,82
TUN,Montassar Talbi,M. Talbi,3,CD,,false,ESPN public summary API,82
TUN,Mortadha Ben Ouanes,M. Ben Ouanes,12,SUB,,false,ESPN public summary API,82
TUN,Mouhib Chamakh,M. Chamakh,1,SUB,,false,ESPN public summary API,82
TUN,Moutaz Neffati,M. Neffati,23,SUB,,false,ESPN public summary API,82
TUN,Omar Rekik,O. Rekik,4,CD-L,,false,ESPN public summary API,82
TUN,Raed Chikhaoui,R. Chikhaoui,24,SUB,,false,ESPN public summary API,82
TUN,Rani Khedira,R. Khedira,13,SUB,,false,ESPN public summary API,82
TUN,Rayan Elloumi,R. Elloumi,18,SUB,,false,ESPN public summary API,82
TUN,Sabri Ben Hessen,S. Ben Hessen,22,SUB,,false,ESPN public summary API,82
TUN,Sebastian Tounekti,S. Tounekti,26,F,,false,ESPN public summary API,82
TUN,Yan Valery,Y. Valery,20,RM,,false,ESPN public summary API,82
USA,Alejandro Zendejas,A. Zendejas,26,SUB,,false,ESPN public summary API,82
USA,Alex Freeman,A. Freeman,16,RB,,false,ESPN public summary API,82
USA,Antonee Robinson,A. Robinson,5,LB,,false,ESPN public summary API,82
USA,Auston Trusty,A. Trusty,6,SUB,,false,ESPN public summary API,82
USA,Brenden Aaronson,B. Aaronson,11,SUB,,false,ESPN public summary API,82
USA,Chris Brady,C. Brady,25,SUB,,false,ESPN public summary API,82
USA,Chris Richards,C. Richards,3,CD-R,,false,ESPN public summary API,82
USA,Christian Pulisic,C. Pulisic,10,LF,,false,ESPN public summary API,82
USA,Cristian Roldan,C. Roldan,15,SUB,,false,ESPN public summary API,82
USA,Folarin Balogun,F. Balogun,20,F,,false,ESPN public summary API,82
USA,Giovanni Reyna,G. Reyna,7,SUB,,false,ESPN public summary API,82
USA,Haji Wright,H. Wright,19,SUB,,false,ESPN public summary API,82
USA,Joe Scally,J. Scally,23,SUB,,false,ESPN public summary API,82
USA,Malik Tillman,M. Tillman,17,LM,,false,ESPN public summary API,82
USA,Mark McKenzie,M. McKenzie,22,SUB,,false,ESPN public summary API,82
USA,Matt Freese,M. Freese,24,G,,false,ESPN public summary API,82
USA,Matt Turner,M. Turner,1,SUB,,false,ESPN public summary API,82
USA,Max Arfsten,M. Arfsten,18,SUB,,false,ESPN public summary API,82
USA,Miles Robinson,M. Robinson,12,SUB,,false,ESPN public summary API,82
USA,Ricardo Pepi,R. Pepi,9,SUB,,false,ESPN public summary API,82
USA,Sebastian Berhalter,S. Berhalter,14,SUB,,false,ESPN public summary API,82
USA,Sergiño Dest,S. Dest,2,RF,,false,ESPN public summary API,82
USA,Tim Ream,T. Ream,13,CD-L,,false,ESPN public summary API,82
USA,Timothy Weah,T. Weah,21,SUB,,false,ESPN public summary API,82
USA,Tyler Adams,T. Adams,4,CM,,false,ESPN public summary API,82
USA,Weston McKennie,W. McKennie,8,RM,,false,ESPN public summary API,82
UZB,Abbosbek Fayzullaev,A. Fayzullaev,22,CF-L,,false,ESPN public summary API,82
UZB,Abdukodir Khusanov,A. Khusanov,2,CD,,false,ESPN public summary API,82
UZB,Abdulla Abdullaev,A. Abdullaev,18,SUB,,false,ESPN public summary API,82
UZB,Abduvohid Nematov,A. Nematov,12,G,,false,ESPN public summary API,82
UZB,Akmal Mozgovoy,A. Mozgovoy,6,CM-R,,false,ESPN public summary API,82
UZB,Avazbek Ulmasaliyev,A. Ulmasaliyev,25,SUB,,false,ESPN public summary API,82
UZB,Azizbek Amonov,A. Amonov,20,SUB,,false,ESPN public summary API,82
UZB,Azizjon Ganiev,A. Ganiev,19,SUB,,false,ESPN public summary API,82
UZB,Behruzjon Karimov,B. Karimov,24,SUB,,false,ESPN public summary API,82
UZB,Botirali Ergashev,B. Ergashev,16,SUB,,false,ESPN public summary API,82
UZB,Dostonbek Khamdamov,D. Khamdamov,17,CF-R,,false,ESPN public summary API,82
UZB,Eldor Shomurodov,E. Shomurodov,14,F,,false,ESPN public summary API,82
UZB,Farrukh Sayfiev,F. Sayfiev,4,SUB,,false,ESPN public summary API,82
UZB,Igor Sergeev,I. Sergeev,21,SUB,,false,ESPN public summary API,82
UZB,Jakhongir Urozov,J. Urozov,26,CD-L,,false,ESPN public summary API,82
UZB,Jamshid Iskanderov,J. Iskanderov,8,SUB,,false,ESPN public summary API,82
UZB,Khojiakbar Alijonov,K. Alijonov,3,RM,,false,ESPN public summary API,82
UZB,Odiljon Xamrobekov,O. Xamrobekov,9,SUB,,false,ESPN public summary API,82
UZB,Oston Urunov,O. Urunov,11,SUB,,false,ESPN public summary API,82
UZB,Otabek Shukurov,O. Shukurov,7,CM-L,,false,ESPN public summary API,82
UZB,Ruslanbek Jiyanov,R. Jiyanov,10,SUB,,false,ESPN public summary API,82
UZB,Rustam Ashurmatov,R. Ashurmatov,5,CD-R,,false,ESPN public summary API,82
UZB,Sherzod Esanov,S. Esanov,23,SUB,,false,ESPN public summary API,82
UZB,Sherzod Nasrullaev,S. Nasrullaev,13,LM,,false,ESPN public summary API,82
UZB,Umar Eshmurodov,U. Eshmurodov,15,SUB,,false,ESPN public summary API,82
UZB,Utkir Yusupov,U. Yusupov,1,SUB,,false,ESPN public summary API,82
ZAF,Aubrey Modiba,A. Modiba,6,LB,,false,ESPN public summary API,82
ZAF,Bradley Cross,B. Cross,26,SUB,,false,ESPN public summary API,82
ZAF,Evidence Makgopa,E. Makgopa,17,F,,false,ESPN public summary API,82
ZAF,Ime Okon,I. Okon,21,CD-R,,false,ESPN public summary API,82
ZAF,Iqraam Rayners,I. Rayners,15,SUB,,false,ESPN public summary API,82
ZAF,Jayden Adams,J. Adams,23,SUB,,false,ESPN public summary API,82
ZAF,Kamogelo Sebelebele,K. Sebelebele,25,SUB,,false,ESPN public summary API,82
ZAF,Khuliso Mudau,K. Mudau,20,RB,,false,ESPN public summary API,82
ZAF,Khulumani Ndamane,K. Ndamane,3,SUB,,false,ESPN public summary API,82
ZAF,Lyle Foster,L. Foster,9,SUB,,false,ESPN public summary API,82
ZAF,Mbekezeli Mbokazi,M. Mbokazi,14,CD-L,,false,ESPN public summary API,82
ZAF,Nkosinathi Sibisi,N. Sibisi,19,SUB,,false,ESPN public summary API,82
ZAF,Olwethu Makhanya,O. Makhanya,24,SUB,,false,ESPN public summary API,82
ZAF,Oswin Appollis,O. Appollis,7,AM-L,,false,ESPN public summary API,82
ZAF,Relebohile Mofokeng,R. Mofokeng,10,AM,,false,ESPN public summary API,82
ZAF,Ricardo Goss,R. Goss,22,SUB,,false,ESPN public summary API,82
ZAF,Ronwen Williams,R. Williams,1,G,,false,ESPN public summary API,82
ZAF,Samukele Kabini,S. Kabini,18,SUB,,false,ESPN public summary API,82
ZAF,Sipho Chaine,S. Chaine,16,SUB,,false,ESPN public summary API,82
ZAF,Sphephelo Sithole,S. Sithole,13,LM,,false,ESPN public summary API,82
ZAF,Teboho Mokoena,T. Mokoena,4,RM,,false,ESPN public summary API,82
ZAF,Thabang Matuludi,T. Matuludi,2,SUB,,false,ESPN public summary API,82
ZAF,Thalente Mbatha,T. Mbatha,5,SUB,,false,ESPN public summary API,82
ZAF,Thapelo Maseko,T. Maseko,12,AM-R,,false,ESPN public summary API,82
ZAF,Themba Zwane,T. Zwane,11,SUB,,false,ESPN public summary API,82
ZAF,Tshepang Moremi,T. Moremi,8,SUB,,false,ESPN public summary API,82
